Part No,Lvl,Rev,State,MR,Part Status,Document,Check Out,Change,R,Description,Technical Spec,MES D. Rev,Qty,UOM,UIT,Supply Type,Designator,SVC Loc,SVC,Designator/Split Qty,Designator/Split Comments,Job Explanation,Switch,Auth,Site Qty,Qty Exception,Maker,Standard,Substitute For
EBU30604301,0,1,Release,1,2,,,,B,ORP Total Assembly,MAIN K27Mp Vx1 EU_LGIT MODULE LG UD55J,,1,EA,M,,,,,,,,,,,,,N,
EBR27328701,1,1,Release,1,2,,,,B,ORP Insert PCB Assembly,MAIN M.I UD55J 65NU85 EU LGIT MODULE K27Mp,,1,EA,P,Phantom,,,,,,,,,1,N,,N,
EAG00474401,2,1,Working,,2,,VICTORIA YIZZEL RIVERA(victoria.rivera),,B,"Jack,Modular","26T08S-34P0014HF 8P 1.27MM STRAIGHT TRAY AU PA46 RJ45, Top Mount, DIP, H16.5, W/O Trans HONGKONG FREEPORT ELECTRONICS CO., LIMITED",,1,EA,D,Assembly Pull,JK5000,,,1,,,,,1,N,"HONGKONG FREEPORT ELECTRONICS CO., LIMITED",Y,
EAG00476401,2,1,Working,,2,,,,B,"Socket,PCI","PCT009-M68G1BY-A 68P 2.54MM FRONT ANGLE DIP TRAY PCMCIA, Reflow, LCP, H16.35(CH13.50) DONGGUAN YUQIU ELECTRONIC CO.,LTD",,1,EA,D,Assembly Pull,JK900,,,1,,,,,1,N,"Dongguan VAST Electronics Co.,Ltd",Y,
EAG59068710,2,1,Working,,2,,VICTORIA YIZZEL RIVERA(victoria.rivera),,B,"Connector,USB",SPG-105-0901138_BA A 1P 2.0MM STRAIGHT DIP TR 4P LCP  SPG ELECTRONIC,,1,EA,G,Assembly Pull,JK4400,,,1,,,,,1,N,SPG ELECTRONIC,Y,
EAG63590901,2,1,Release,1,2,,,,B,"Connector,Wafer","SMAW200-H18S5K(BK)(LTR) 18P 2.00MM 2R ANGLE DIP TR BLACK -  YEONHO ELECTRONICS CO., LTD",,1,EA,G,Assembly Pull,P1000,,,1,,,,,1,N,"YEONHO ELECTRONICS CO., LTD",Y,
EAG66851101,2,1,Working,,2,,LUIS ENRIQUE FLORES(luise.flores),,B,"Connector,Wafer","25086WR-H04 4P 2.50MM 1R STRAIGHT DIP Bulk NATURAL -  YEONHO ELECTRONICS CO., LTD",,1,EA,G,Assembly Pull,P5901,,,1,,,,,1,N,"YEONHO ELECTRONICS CO., LTD",Y,
EAT30762001,2,1,Working,,2,,,,B,"Module,Wifi Bluetooth Module","LGSWAAC63 RTL8822EU L_Module 3.135VTO3.6V 10-Lead Micro PAK 10P 50x35x8.7MM  Sichuan AI-Link Technology Co., Ltd",,1,EA,D,Assembly Pull,IC4000,,,1,,,,,1,N,"Sichuan AI-Link Technology Co., Ltd",Y,
EBR27328801,2,1,Release,1,2,,,,B,"Auto Insert PCB Assembly,Main",MAIN A.I UD55J 65NU85 K27MP EU LGIT MODULE Vx1 DEV,,1,EA,P,Phantom,,,,,,,,,1,N,,N,
EAX02034601,3,1.2,Working,1.1,2,,김상록(sangrok.kim),ECO,B,"PCB,Main",1 MRGB80(NU85Tool) K27Mp Initial Main PCB_TOB_68P Main - 2 1.6M EPOXY - OSP 0.25pie 100um 100um - GREEN Y,,1,EA,G,Assembly Pull,,,,,,,,,1,N,,N,
EBR27328901,3,1,Release,1,2,,,,B,"Upper SMT PCB Assembly,Main",MAIN S.T UD55J 65NU85 K27MP EU LGIT MODULE Vx1 DEV,,1,EA,P,Phantom,,,,,,,,,1,N,,N,
0CC100BKF1A,4,1.3,Release,,3,,,,B,"Capacitor,Ceramic,Chip","0402N100J500LT 10 pF 5% 50V C0G -55TO+125C 1005 TP - -  PILKOR CND CO.,LTD.",,4,EA,D,Assembly Pull,"C218,C219,C220,C221",,,1|1|1|1,|||,,,,4,N,"PILKOR CND CO.,LTD.",Y,
0CC103BK5BA,4,1.1,Release,,3,,,,B,"Capacitor,Ceramic,Chip","GRM155R71H103K 10 nF 10% 50V X7R -55TO+125C 1005 TP - -  MURATA MANUFACTURING CO.,LTD.",,7,EA,D,Assembly Pull,"C2120,C2330,C2359,C236,C5002,C6847,C8106",,,1|1|1|1|1|1|1,||||||,,,,7,N,"MURATA MANUFACTURING CO.,LTD.",Y,
0CC120BK4AA,4,1.1,Release,,3,,,,B,"Capacitor,Ceramic,Chip",C1005C0G1H120JT000F 12 pF 5% 50V C0G -55TO+125C 1005 TP - -  TDK CORPORATION,,4,EA,D,Assembly Pull,"C239,C240,C3305,C3310",,,1|1|1|1,|||,,,,4,N,TDK CORPORATION,Y,
0CC150BK4AA,4,1,Release,,3,,,,B,"Capacitor,Ceramic,Chip","CS1005C0G150J500NR 15 pF 5% 50V C0G -55TO+125C 1005 TP - -  SAMWHA CAPACITOR CO, LTD.",,4,EA,D,Assembly Pull,"C8002,C8003,C8004,C8005",,,1|1|1|1,|||,,,,4,N,"SAMWHA CAPACITOR CO, LTD.",Y,
0CC151BK41A,4,1,Release,,3,,,,B,"Capacitor,Ceramic,Chip","CS1005C0G151J500NR 150 pF 5% 50V C0G -55TO+125C 1005 TP - -  SAMWHA CAPACITOR CO, LTD.",,10,EA,D,Assembly Pull,"C8016,C8017,C8019,C8020,C8021,C8036,C8037,C8038,C8039,C8099",,,1|1|1|1|1|1|1|1|1|1,|||||||||,,,,10,N,"COWELL FASHION CO., LTD",Y,
0CC560BK41A,4,1,Release,,3,,,,B,"Capacitor,Ceramic,Chip","CS1005C0G560J500NR 56 pF 5% 50V C0G -55TO+125C 1005 TP - -  SAMWHA CAPACITOR CO, LTD.",,1,EA,D,Assembly Pull,C2331,,,1,,,,,1,N,"SAMWHA CAPACITOR CO, LTD.",Y,
0CC820BKFAA,4,1,Release,,5,,,,B,"Capacitor,Ceramic,Chip",C1005C0G1H820JT000F 82 pF 5% 50V C0G -55TO+125C 1005 TP - -  TDK CORPORATION,,1,EA,G,Assembly Pull,C6824,,,1,,,,,1,N,TDK CORPORATION,Y,
0CH1224K512,4,1,Release,,3,,,,B,"Capacitor,Ceramic,Chip","CS1608XR224K250NR 220 nF 10% 25V X7R -55TO+125C 1608 R/TP - -  SAMWHA CAPACITOR CO, LTD.",,2,EA,G,Assembly Pull,"C1701,C7011",,,1|1,|,,,,2,N,"SAMWHA CAPACITOR CO, LTD.",Y,
0CH5220K618,4,1.1,Release,,3,,,,B,"Capacitor,Ceramic,Chip","0402N220J500LT 22 pF 5% 50V C0G -55TO+125C 1005 R/TP - -  PILKOR CND CO.,LTD.",,1,EA,D,Assembly Pull,C7110,,,1,,,,,1,N,"PILKOR CND CO.,LTD.",Y,
0CH5470K618,4,1,Release,,3,,,,B,"Capacitor,Ceramic,Chip","0402N470J500LT 47 pF 5% 50V C0G -55TO+125C 1005 R/TP - -  PILKOR CND CO.,LTD.",,4,EA,D,Assembly Pull,"C6800,C6823,C8095,C8096",,,1|1|1|1,|||,,,,4,N,"PILKOR CND CO.,LTD.",Y,
0CK101BK4EA,4,1,Release,,3,,,,B,"Capacitor,Ceramic,Chip","CL05C101JB5NNNC 100 pF 5% 50V C0G -55TO+125C 1005 TP - -  SAMSUNG ELECTRO-MECHANICS CO., LTD.",,7,EA,G,Assembly Pull,"C1008,C1009,C1010,C1011,C1012,C4110,C6830",,,1|1|1|1|1|1|1,||||||,,,,7,N,"SAMSUNG ELECTRO-MECHANICS CO., LTD.",Y,
0CK102BK56A,4,1.5,Release,,3,,,,B,"Capacitor,Ceramic,Chip","0402B102K500CT 1 nF 10% 50V X7R -55TO+125C 1005 TP - -  PILKOR CND CO.,LTD.",,3,EA,D,Assembly Pull,"C6827,C6828,C8069",,,1|1|1,||,,,,3,N,"PILKOR CND CO.,LTD.",Y,
0CK104BF56A,4,1.2,Release,1.1,3,,,,B,"Capacitor,Ceramic,Chip",C1005X7R104KET 100 nF 10% 16V X7R -55TO+125C 1005 R/TP - -  DARFON ELECTRONICS CORP.,,56,EA,G,Assembly Pull,"C102,C1300,C1301,C1400,C1900,C1901,C202,C203,C213,C214,C215,C216,C2329,C234,C235,C237,C238,C3304,C3309,C3312,C374,C376,C379,C394,C395,C399,C406,C4100,C4101,C4125,C443,C444,C5001,C6817,C6818,C6819,C6831,C6832,C6833,C6836,C6837,C6838,C6839,C6840,C7017,C803,C8101,C8102,C8104,C8105,C8804,C8805,C901,C903,C904,C905",,,1|1|1|1|1|1|1|1|1|1|1|1|1|1|1|1|1|1|1|1|1|1|1|1|1|1|1|1|1|1|1|1|1|1|1|1|1|1|1|1|1|1|1|1|1|1|1|1|1|1|1|1|1|1|1|1,|||||||||||||||||||||||||||||||||||||||||||||||||||||||,,,,56,N,"COWELL FASHION CO., LTD",Y,
0CK104BH56A,4,1.1,Release,,3,,,,B,"Capacitor,Ceramic,Chip","CS1005X7R104K250N 100 nF 10% 25V X7R -55TO+125C 1005 TP - -  SAMWHA CAPACITOR CO, LTD.",,24,EA,D,Assembly Pull,"C1501,C1511,C1702,C1705,C2102,C2118,C2319,C2325,C2328,C2351,C2502,C2508,C5319,C5320,C6532,C6807,C7000,C8053,C9105,C9109,C9700,C9701,C9702,C9704",,,1|1|1|1|1|1|1|1|1|1|1|1|1|1|1|1|1|1|1|1|1|1|1|1,|||||||||||||||||||||||,,,,24,N,"SAMWHA CAPACITOR CO, LTD.",Y,
0CK104CK56A,4,1,Release,,3,,,,B,"Capacitor,Ceramic,Chip","0603B104K500CT 100 nF 10% 50V X7R -55TO+125C 1608 TP - -  PILKOR CND CO.,LTD.",,6,EA,G,Assembly Pull,"C1403,C657,C7008,C7010,C7012,C8045",,,1|1|1|1|1|1,|||||,,,,6,N,"PILKOR CND CO.,LTD.",Y,
0CK105CD56A,4,1,Release,,3,,,,B,"Capacitor,Ceramic,Chip",C1608X7R1A105KT000E 1 uF 10% 10V X7R -55TO+125C 1608 TP - -  TDK CORPORATION,,13,EA,G,Assembly Pull,"C1600,C1906,C1907,C3303,C3307,C4702,C5308,C5309,C5332,C656,C6806,C8052,C906",,,1|1|1|1|1|1|1|1|1|1|1|1|1,||||||||||||,,,,13,N,TDK CORPORATION,Y,
0CK105CK56A,4,1.1,Release,,3,,,,B,"Capacitor,Ceramic,Chip","CS1608X7R105K250NRB 1 uF 10% 25V X7R -55TO+125C 1608 R/TP - -  SAMWHA CAPACITOR CO, LTD.",,8,EA,G,Assembly Pull,"C7112,C8078,C9100,C9104,C9106,C9107,C9108,C9110",,,1|1|1|1|1|1|1|1,|||||||,,,,8,N,"COWELL FASHION CO., LTD",Y,
0CK122BK56A,4,1,Release,,3,,,,B,"Capacitor,Ceramic,Chip","0402B122K500CT 1.2 nF 10% 50V X7R -55TO+125C 1005 TP - -  PILKOR CND CO.,LTD.",,5,EA,G,Assembly Pull,"C6802,C6805,C6809,C6810,C6811",,,1|1|1|1|1,||||,,,,5,N,"PILKOR CND CO.,LTD.",N,
0CK222BKG6A,4,1,Release,,3,,,,B,"Capacitor,Ceramic,Chip","0402B222K500CT 2.2 nF 10% 50V X7R -55TO+125C 1005 TP - -  PILKOR CND CO.,LTD.",,3,EA,D,Assembly Pull,"C6829,C8035,C8058",,,1|1|1,||,,,,3,N,"PILKOR CND CO.,LTD.",Y,
0CK331BKFDA,4,1,Release,,3,,,,B,"Capacitor,Ceramic,Chip","CS1005COG331J500NR 330 pF 5% 50V C0G -55TO+125C 1005 TP - - SAMWHA CAPACITOR CO, LTD.",,3,EA,G,Assembly Pull,"C8000,C8001,C8092",,,1|1|1,||,,,,3,N,"SAMWHA CAPACITOR CO, LTD.",Y,
0CK471BK56A,4,1.1,Release,,3,,,,B,"Capacitor,Ceramic,Chip","CS1005X7R471K500NR 470 pF 10% 50V X7R -55TO+125C 1005 TP - -  SAMWHA CAPACITOR CO, LTD.",,3,EA,D,Assembly Pull,"C1500,C1700,C2500",,,1|1|1,||,,,,3,N,"SAMWHA CAPACITOR CO, LTD.",Y,
0CK475DD56A,4,1.2,Release,,3,,,,B,"Capacitor,Ceramic,Chip",CC0805KKX7R6BB475 4.7 uF 10% 10V X7R -55TO+125C 2012 TP - -  YAGEO CORPORATION,,2,EA,G,Assembly Pull,"C2332,C5307",,,1|1,|,,,,2,N,YAGEO CORPORATION,Y,
0CK680BK4DA,4,1,Release,,2,,,,B,"Capacitor,Ceramic,Chip","CS1005C0G680J500NR 68 pF 5% 50V C0G -55TO+125C 1005 TP - -  SAMWHA CAPACITOR CO, LTD.",,3,EA,G,Assembly Pull,"C6808,C6812,C6822",,,1|1|1,||,,,,3,N,"COWELL FASHION CO., LTD",Y,
0CZZB00024A,4,1,Release,,3,,,,B,"Capacitor,Ceramic,Chip","GRM1555C1H8R0D 8 pF 0.5PF 50V C0G -55TO+125C 1005 TP - -  MURATA MANUFACTURING CO.,LTD.",,1,EA,G,Assembly Pull,C9112,,,1,,,,,1,N,"MURATA MANUFACTURING CO.,LTD.",Y,
0CZZB00035A,4,1,Release,,3,,,,B,"Capacitor,Ceramic,Chip","GRM1555C1H330J 33 pF 5% 50V C0G -55TO+125C 1005 TP - -  SAMWHA CAPACITOR CO, LTD.",,11,EA,D,Assembly Pull,"C100,C101,C104,C105,C207,C208,C5310,C5311,C6815,C6816,C7001",,,1|1|1|1|1|1|1|1|1|1|1,||||||||||,,,,11,N,"SAMWHA CAPACITOR CO, LTD.",Y,
0RH0101G622,4,1,Release,,3,,,,B,"Resistor,Chip","MCR18EZPJ1R0 1OHM 5% 1/4W 3216 R/TP -  ROHM CO.,LTD.",,2,EA,G,Assembly Pull,"R7008,R7009",,,1|1,|,,,,2,N,"SAMSUNG ELECTRO-MECHANICS CO., LTD.",Y,
0RH1002C422,4,1.1,Release,,3,,,,B,"Resistor,Chip","MCR03EZP5FX1002 10KOHM 1% 1/10W 1608 R/TP -  ROHM CO.,LTD.",,5,EA,G,Assembly Pull,"R1502,R1700,R2502,R8046,R8047",,,1|1|1|1|1,||||,,,,5,N,"COWELL FASHION CO., LTD",Y,
0RH5102C422,4,1,Release,,3,,,,B,"Resistor,Chip","MCR03EZPFX5102 51KOHM 1% 1/10W 1608 R/TP -  ROHM CO.,LTD.",,1,EA,G,Assembly Pull,R1601,,,1,,,,,1,N,"COWELL FASHION CO., LTD",Y,
0RJ0000C678,4,1.3,Release,,3,,,,B,"Resistor,Chip","MCR01MZPJ000 0OHM 5% 1/16W 1005 R/TP -  ROHM CO.,LTD.",,8,EA,G,Assembly Pull,"R1030,R115,R117,R120,R604,R6800,R6815,R7001",,,1|1|1|1|1|1|1|1,|||||||,,,,8,N,"COWELL FASHION CO., LTD",Y,
0RJ0102D677,4,1,Release,,3,,,,B,"Resistor,Chip","MCR03EZPJ100 10OHM 5% 1/10W 1608 R/TP -  ROHM CO.,LTD.",,1,EA,G,Assembly Pull,R8094,,,1,,,,,1,N,"COWELL FASHION CO., LTD",Y,
0RJ0221C678,4,1,Release,,3,,,,B,"Resistor,Chip","RC0402JR_072R2L 2.2OHM 5% 1/16W 1005 R/TP -  ROHM CO.,LTD.",,5,EA,D,Assembly Pull,"R2314,R4105,R4106,R4700,R4701",,,1|1|1|1|1,||||,,,,5,N,"COWELL FASHION CO., LTD",Y,
0RJ0222C678,4,1,Release,,3,,,,B,"Resistor,Chip","MCR01MZPJ220 22OHM 5% 1/16W 1005 R/TP -  ROHM CO.,LTD.",,1,EA,G,Assembly Pull,R9158,,,1,,,,,1,N,"COWELL FASHION CO., LTD",Y,
0RJ0331D677,4,1,Release,,3,,,,B,"Resistor,Chip","MCR03EZP5J3R3 3.3OHM 5% 1/10W 1608 R/TP -  ROHM CO.,LTD.",,4,EA,G,Assembly Pull,"R5302,R5303,R5304,R5305",,,1|1|1|1,|||,,,,4,N,"COWELL FASHION CO., LTD",Y,
0RJ0332C478,4,1.1,Release,,3,,,,B,"Resistor,Chip","MCR01MZPF33R0 33OHM 1% 1/16W 1005 R/TP -  ROHM CO.,LTD.",,1,EA,D,Assembly Pull,R914,,,1,,,,,1,N,"ROHM CO.,LTD.",Y,
0RJ0332C678,4,1.1,Release,,3,,,,B,"Resistor,Chip","MCR01MZPJ330 33OHM 5% 1/16W 1005 R/TP -  ROHM CO.,LTD.",,8,EA,G,Assembly Pull,"R924,R925,R931,R932,R933,R934,R935,R936",,,1|1|1|1|1|1|1|1,|||||||,,,,8,N,"COWELL FASHION CO., LTD",Y,
0RJ0391E472,4,1,Release,1,2,,,,B,"Resistor,Chip","MCR10EZHF3R90 3.9OHM 1% 1/8W 2012 R/TP -  ROHM CO.,LTD.",,2,EA,G,Assembly Pull,"R1704,R2103",,,1|1,|,,,,2,N,"COWELL FASHION CO., LTD",Y,
0RJ0472C678,4,1,Release,,3,,,,B,"Resistor,Chip","MCR01MZPJ470 47OHM 5% 1/16W 1005 R/TP -  ROHM CO.,LTD.",,5,EA,G,Assembly Pull,"R8010,R8011,R8013,R8015,R9160",,,1|1|1|1|1,||||,,,,5,N,"ROHM CO.,LTD.",Y,
0RJ0511D677,4,1,Release,,3,,,,B,"Resistor,Chip","MCR03EZPJ5R1 5.1OHM 5% 1/10W 1608 R/TP -  ROHM CO.,LTD.",,3,EA,G,Assembly Pull,"R8001,R8019,R8099",,,1|1|1,||,,,,3,N,"COWELL FASHION CO., LTD",Y,
0RJ0512C678,4,1,Release,,3,,,,B,"Resistor,Chip","MCR01MZPJ510 51OHM 5% 1/16W 1005 R/TP -  ROHM CO.,LTD.",,6,EA,D,Assembly Pull,"R202,R203,R231,R232,R233,R234",,,1|1|1|1|1|1,|||||,,,,6,N,"ROHM CO.,LTD.",Y,
0RJ0561C678,4,1,Release,,2,,,,B,"Resistor,Chip","MCR01MZPJ5R6 5.6OHM 5% 1/16W 1005 R/TP -  ROHM CO.,LTD.",,16,EA,D,Assembly Pull,"R8002,R8003,R8004,R8007,R8068,R8069,R8070,R8071,R8072,R8073,R8074,R8075,R8076,R8077,R8078,R8079",,,1|1|1|1|1|1|1|1|1|1|1|1|1|1|1|1,|||||||||||||||,,,,16,N,"ROHM CO.,LTD.",Y,
0RJ0561D677,4,1,Release,,3,,,,B,"Resistor,Chip","MCR03EZPJ5R6 5.6OHM 5% 1/10W 1608 R/TP -  ROHM CO.,LTD.",,12,EA,G,Assembly Pull,"R8036,R8037,R8040,R8041,R8050,R8051,R8052,R8053,R8058,R8060,R8062,R8064",,,1|1|1|1|1|1|1|1|1|1|1|1,|||||||||||,,,,12,N,"COWELL FASHION CO., LTD",Y,
0RJ0752D477,4,1,Release,,3,,,,B,"Resistor,Chip","MCR03EZPFX75R0 75OHM 1% 1/10W 1608 R/TP -  ROHM CO.,LTD.",,4,EA,G,Assembly Pull,"R5001,R5002,R5003,R5004",,,1|1|1|1,|||,,,,4,N,"COWELL FASHION CO., LTD",Y,
0RJ1000C478,4,1.3,Release,,3,,,,B,"Resistor,Chip","MCR01MZPF1000 100OHM 1% 1/16W 1005 R/TP -  ROHM CO.,LTD.",,2,EA,D,Assembly Pull,"R1031,R1032",,,1|1,|,,,,2,N,"COWELL FASHION CO., LTD",Y,
0RJ1000C678,4,1.3,Release,,3,,,,B,"Resistor,Chip","MCR01MZPJ101 100OHM 5% 1/16W 1005 R/TP -  ROHM CO.,LTD.",,30,EA,G,Assembly Pull,"R1006,R1008,R1026,R104,R127,R128,R129,R1505,R2102,R246,R2504,R3303,R3304,R3313,R3322,R3335,R3336,R4113,R4117,R5314,R627,R628,R629,R8090,R902,R904,R915,R9159,R9161,R9703",,,1|1|1|1|1|1|1|1|1|1|1|1|1|1|1|1|1|1|1|1|1|1|1|1|1|1|1|1|1|1,|||||||||||||||||||||||||||||,,,,30,N,"COWELL FASHION CO., LTD",Y,
0RJ1001C678,4,1.2,Release,,3,,,,B,"Resistor,Chip","MCR01MZPJ102 1KOHM 5% 1/16W 1005 R/TP -  ROHM CO.,LTD.",,9,EA,G,Assembly Pull,"R1028,R2318,R235,R3353,R3357,R3361,R6805,R803,R8092",,,1|1|1|1|1|1|1|1|1,||||||||,,,,9,N,"COWELL FASHION CO., LTD",Y,
0RJ1001E478,4,1.1,Release,,3,,,,B,"Resistor,Chip","MCR01MZPF1001 1KOHM 1% 1/16W 1005 R/TP -  ROHM CO.,LTD.",,2,EA,G,Assembly Pull,"R402,R403",,,1|1,|,,,,2,N,"ROHM CO.,LTD.",Y,
0RJ1002C478,4,1.2,Release,,3,,,,B,"Resistor,Chip","MCR01MZPF1002 10KOHM 1% 1/16W 1005 R/TP -  ROHM CO.,LTD.",,3,EA,G,Assembly Pull,"R1510,R2326,R8091",,,1|1|1,||,,,,3,N,"COWELL FASHION CO., LTD",Y,
0RJ1002C678,4,1.3,Release,,3,,,,B,"Resistor,Chip","MCR01MZPJ103 10KOHM 5% 1/16W 1005 R/TP -  ROHM CO.,LTD.",,45,EA,G,Assembly Pull,"R100,R1000,R1002,R101,R1014,R103,R105,R106,R107,R108,R119,R130,R1323,R1402,R1403,R1600,R230,R2315,R2319,R247,R2503,R3355,R3358,R3362,R4107,R4112,R4123,R4702,R5312,R5313,R7105,R800,R804,R8100,R8800,R900,R908,R909,R916,R9162,R9165,R9167,R917,R921,R923",,,1|1|1|1|1|1|1|1|1|1|1|1|1|1|1|1|1|1|1|1|1|1|1|1|1|1|1|1|1|1|1|1|1|1|1|1|1|1|1|1|1|1|1|1|1,||||||||||||||||||||||||||||||||||||||||||||,,,,45,N,"COWELL FASHION CO., LTD",Y,
0RJ1003C478,4,1.1,Release,,3,,,,B,"Resistor,Chip","MCR01MZPF1003 100KOHM 1% 1/16W 1005 R/TP -  ROHM CO.,LTD.",,1,EA,D,Assembly Pull,R2114,,,1,,,,,1,N,"COWELL FASHION CO., LTD",Y,
0RJ1003C678,4,1.1,Release,,3,,,,B,"Resistor,Chip","MCR01MZPJ104 100KOHM 5% 1/16W 1005 R/TP -  ROHM CO.,LTD.",,1,EA,D,Assembly Pull,R1304,,,1,,,,,1,N,"ROHM CO.,LTD.",Y,
0RJ1052C478,4,1,Release,,3,,,,B,"Resistor,Chip","MCR01MZPF1052 10.5KOHM 1% 1/16W 1005 R/TP -  ROHM CO.,LTD.",,1,EA,G,Assembly Pull,R1500,,,1,,,,,1,N,"ROHM CO.,LTD.",Y,
0RJ1102C478,4,1,Release,,3,,,,B,"Resistor,Chip","MCR01MZPF113 11KOHM 1% 1/16W 1005 R/TP -  ROHM CO.,LTD.",,1,EA,D,Assembly Pull,R2100,,,1,,,,,1,N,"COWELL FASHION CO., LTD",Y,
0RJ1201C478,4,1.1,Release,,3,,,,B,"Resistor,Chip","MCR01MZPF1201 1.2KOHM 1% 1/16W 1005 R/TP - ROHM CO.,LTD.",,1,EA,G,Assembly Pull,R2507,,,1,,,,,1,N,"COWELL FASHION CO., LTD",Y,
0RJ1201C678,4,1,Release,,3,,,,B,"Resistor,Chip","MCR01MZPJ122 1.2KOHM 5% 1/16W 1005 R/TP -  ROHM CO.,LTD.",,1,EA,G,Assembly Pull,R3307,,,1,,,,,1,N,"ROHM CO.,LTD.",Y,
0RJ1203C478,4,1,Release,,3,,,,B,"Resistor,Chip","MCR01MZPF124 120KOHM 1% 1/16W 1005 R/TP -  ROHM CO.,LTD.",,1,EA,G,Assembly Pull,R8055,,,1,,,,,1,N,"COWELL FASHION CO., LTD",Y,
0RJ1302C478,4,1,Release,,3,,,,B,"Resistor,Chip","MCR01MZPF133 13KOHM 1% 1/16W 1005 R/TP -  ROHM CO.,LTD.",,2,EA,G,Assembly Pull,"R2105,R2342",,,1|1,|,,,,2,N,"COWELL FASHION CO., LTD",Y,
0RJ1402C478,4,1,Release,,3,,,,B,"Resistor,Chip","MCR01MZPF1402 14KOHM 1% 1/16W 1005 R/TP -  ROHM CO.,LTD.",,1,EA,D,Assembly Pull,R1300,,,1,,,,,1,N,"ROHM CO.,LTD.",Y,
0RJ1502D477,4,1,Release,,3,,,,B,"Resistor,Chip","MCR03EZPFX1502 15KOHM 1% 1/10W 1608 R/TP -  ROHM CO.,LTD.",,2,EA,G,Assembly Pull,"R2106,R2321",,,1|1,|,,,,2,N,"COWELL FASHION CO., LTD",Y,
0RJ1801C678,4,1,Release,,2,,,,B,"Resistor,Chip","MCR01MZPJ182 1.8KOHM 5% 1/16W 1005 R/TP -  ROHM CO.,LTD.",,11,EA,D,Assembly Pull,"R215,R216,R217,R218,R219,R220,R221,R222,R251,R252,R4109",,,1|1|1|1|1|1|1|1|1|1|1,||||||||||,,,,11,N,"COWELL FASHION CO., LTD",Y,
0RJ1802C478,4,1.1,Release,,3,,,,B,"Resistor,Chip","MCR01MZPF1802 18KOHM 1% 1/16W 1005 R/TP -  ROHM CO.,LTD.",,1,EA,D,Assembly Pull,R1301,,,1,,,,,1,N,"ROHM CO.,LTD.",Y,
0RJ1803C478,4,1.1,Release,,3,,,,B,"Resistor,Chip","MCR01MZPF184 180KOHM 1% 1/16W 1005 R/TP -  ROHM CO.,LTD.",,2,EA,G,Assembly Pull,"R1602,R2343",,,1|1,|,,,,2,N,"COWELL FASHION CO., LTD",Y,
0RJ2000C678,4,1,Release,,3,,,,B,"Resistor,Chip","MCR01MZPJ201 200OHM 5% 1/16W 1005 R/TP -  ROHM CO.,LTD.",,1,EA,D,Assembly Pull,R243,,,1,,,,,1,N,"ROHM CO.,LTD.",Y,
0RJ2000D677,4,1,Release,,3,,,,B,"Resistor,Chip","MCR03EZPJ201 200OHM 5% 1/10W 1608 R/TP -  ROHM CO.,LTD.",,1,EA,G,Assembly Pull,R248,,,1,,,,,1,N,"COWELL FASHION CO., LTD",Y,
0RJ2001C678,4,1,Release,,3,,,,B,"Resistor,Chip","MCR01MZPJ202 2KOHM 5% 1/16W 1005 R/TP -  ROHM CO.,LTD.",,1,EA,G,Assembly Pull,R9702,,,1,,,,,1,N,"ROHM CO.,LTD.",Y,
0RJ2002C478,4,1,Release,,3,,,,B,"Resistor,Chip","MCR01MZPF2002 20KOHM 1% 1/16W 1005 R/TP .  ROHM CO.,LTD.",,1,EA,D,Assembly Pull,R1705,,,1,,,,,1,N,"ROHM CO.,LTD.",Y,
0RJ2003C478,4,1,Release,,3,,,,B,"Resistor,Chip","RC0402FR-07200KL_ 200KOHM 1% 1/16W 1005 R/TP - ROHM CO.,LTD.",,1,EA,G,Assembly Pull,R2317,,,1,,,,,1,N,"COWELL FASHION CO., LTD",Y,
0RJ2202C678,4,1.1,Release,,3,,,,B,"Resistor,Chip","MCR01MZPJ223 22KOHM 5% 1/16W 1005 R/TP -  ROHM CO.,LTD.",,2,EA,D,Assembly Pull,"R1401,R4121",,,1|1,|,,,,2,N,"ROHM CO.,LTD.",Y,
0RJ2400C478,4,1,Release,,3,,,,B,"Resistor,Chip","MCR01MZPF2400 240OHM 1% 1/16W 1005 R/TP -  ROHM CO.,LTD.",,4,EA,G,Assembly Pull,"R407,R408,R409,R416",,,1|1|1|1,|||,,,,4,N,"SAMSUNG ELECTRO-MECHANICS CO., LTD.",Y,
0RJ3002C478,4,1.1,Release,,3,,,,B,"Resistor,Chip","MCR01MZPF303 30KOHM 1% 1/16W 1005 R/TP -  ROHM CO.,LTD.",,1,EA,D,Assembly Pull,R8059,,,1,,,,,1,N,"COWELL FASHION CO., LTD",Y,
0RJ3002D477,4,1,Release,,3,,,,B,"Resistor,Chip","MCR03EZPFX3002 30KOHM 1% 1/10W 1608 R/TP -  ROHM CO.,LTD.",,1,EA,G,Assembly Pull,R8101,,,1,,,,,1,N,"COWELL FASHION CO., LTD",Y,
0RJ3300C678,4,1.1,Release,,3,,,,B,"Resistor,Chip","MCR01MZPJ331 330OHM 5% 1/16W 1005 R/TP -  ROHM CO.,LTD.",,4,EA,D,Assembly Pull,"R3363,R3364,R3365,R9704",,,1|1|1|1,|||,,,,4,N,"ROHM CO.,LTD.",Y,
0RJ3301C678,4,1,Release,,2,,,,B,"Resistor,Chip","MCR01MZPJ332 3.3KOHM 5% 1/16W 1005 R/TP -  ROHM CO.,LTD.",,2,EA,G,Assembly Pull,"R1404,R4122",,,1|1,|,,,,2,N,"ROHM CO.,LTD.",Y,
0RJ3301D677,4,1,Release,,3,,,,B,"Resistor,Chip","MCR03EZPJ332 3.3KOHM 5% 1/10W 1608 R/TP -  ROHM CO.,LTD.",,1,EA,G,Assembly Pull,R4116,,,1,,,,,1,N,"COWELL FASHION CO., LTD",Y,
0RJ3302D477,4,1,Release,,2,,,,B,"Resistor,Chip","MCR03EZP5FX3302 33KOHM 1% 1/10W 1608 R/TP -  ROHM CO.,LTD.",,1,EA,G,Assembly Pull,R1900,,,1,,,,,1,N,"SAMSUNG ELECTRO-MECHANICS CO., LTD.",Y,
0RJ3902C478,4,1,Release,,3,,,,B,"Resistor,Chip","MCR01MZPF393 39KOHM 1% 1/16W 1005 R/TP -  ROHM CO.,LTD.",,1,EA,D,Assembly Pull,R7003,,,1,,,,,1,N,"COWELL FASHION CO., LTD",Y,
0RJ4700C678,4,1,Release,,3,,,,B,"Resistor,Chip","MCR01MZPJ471 470OHM 5% 1/16W 1005 R/TP -  ROHM CO.,LTD.",,2,EA,G,Assembly Pull,"R9168,R9169",,,1|1,|,,,,2,N,"ROHM CO.,LTD.",Y,
0RJ4701C478,4,1.1,Release,,3,,,,B,"Resistor,Chip","MCR01MZPF472 4.7KOHM 1% 1/16W 1005 R/TP -  ROHM CO.,LTD.",,1,EA,G,Assembly Pull,R5301,,,1,,,,,1,N,"COWELL FASHION CO., LTD",Y,
0RJ4701C678,4,1.2,Release,,3,,,,B,"Resistor,Chip","MCR01MZPJ472 4.7KOHM 5% 1/16W 1005 R/TP -  ROHM CO.,LTD.",,6,EA,G,Assembly Pull,"R1011,R1012,R206,R237,R4703,R6806",,,1|1|1|1|1|1,|||||,,,,6,N,"COWELL FASHION CO., LTD",Y,
0RJ4702C478,4,1.1,Release,,3,,,,B,"Resistor,Chip","MCR01MZPF4702 47KOHM 1% 1/16W 1005 R/TP -  ROHM CO.,LTD.",,2,EA,D,Assembly Pull,"R1701,R8102",,,1|1,|,,,,2,N,"COWELL FASHION CO., LTD",Y,
0RJ4702C678,4,1.2,Release,,3,,,,B,"Resistor,Chip","MCR01MZPJ473 47KOHM 5% 1/16W 1005 R/TP - ROHM CO.,LTD.",,1,EA,D,Assembly Pull,R8048,,,1,,,,,1,N,"ROHM CO.,LTD.",Y,
0RJ5101C478,4,1,Working,,3,,VICTORIA YIZZEL RIVERA(victoria.rivera),,B,"Resistor,Chip","MCR01MZPF512 5.1KOHM 1% 1/16W 1005 R/TP -  ROHM CO.,LTD.",,1,EA,D,Assembly Pull,R1706,,,1,,,,,1,N,"COWELL FASHION CO., LTD",Y,
0RJ5101C678,4,1.1,Release,,3,,,,B,"Resistor,Chip","MCR01MZPJ512 5.1KOHM 5% 1/16W 1005 R/TP -  ROHM CO.,LTD.",,2,EA,G,Assembly Pull,"R3301,R3308",,,1|1,|,,,,2,N,"ROHM CO.,LTD.",Y,
0RJ6201C478,4,1,Release,,3,,,,B,"Resistor,Chip","MCR01MZPF622 6.2KOHM 1% 1/16W 1005 R/TP -  ROHM CO.,LTD.",,1,EA,D,Assembly Pull,R623,,,1,,,,,1,N,"ROHM CO.,LTD.",Y,
0RJ6801C478,4,1.1,Release,,3,,,,B,"Resistor,Chip","MCR01MZPF6801 6.8KOHM 1% 1/16W 1005 R/TP -  ROHM CO.,LTD.",,2,EA,D,Assembly Pull,"R1400,R8054",,,1|1,|,,,,2,N,"ROHM CO.,LTD.",Y,
0RJ6801C678,4,1,Release,,3,,,,B,"Resistor,Chip","MCR01MZPJ682 6.8KOHM 5% 1/16W 1005 R/TP -  ROHM CO.,LTD.",,1,EA,G,Assembly Pull,R4120,,,1,,,,,1,N,"ROHM CO.,LTD.",Y,
0RJ7502C478,4,1,Release,,3,,,,B,"Resistor,Chip","MCR01MZPF753 75KOHM 1% 1/16W 1005 R/TP -  ROHM CO.,LTD.",,3,EA,G,Assembly Pull,"R1901,R2104,R2500",,,1|1|1,||,,,,3,N,"COWELL FASHION CO., LTD",Y,
0RJ8201C478,4,1,Release,,3,,,,B,"Resistor,Chip","MCR01MZPF8201 8.2KOHM 1% 1/16W 1005 R/TP -  ROHM CO.,LTD.",,1,EA,D,Assembly Pull,R1317,,,1,,,,,1,N,"ROHM CO.,LTD.",Y,
0RZZH033273,4,1,Release,,3,,,,B,"Resistor,Array","MNR04M0ABJ330 33OHM 5% 1/16W 4 SMD R/TP 8P P 1005X4  ROHM CO.,LTD.",,1,EA,G,Assembly Pull,AR900,,,1,,,,,1,N,"ROHM CO.,LTD.",Y,
0TR390609DC,4,1,Release,,3,,,,B,"TR,Bipolar","2N3906S-RTK PNP -5V -40V -40V -0.2A -0.00000005A 100 @ IC=-1mA, VCE=-10V 350mW SOT23 R/TP 3P -0.4V  KEC CORP.",,1,EA,G,Assembly Pull,Q1000,,,1,,,,,1,N,KEC CORP.,Y,
0TRKE80046A,4,1,Release,,3,,,,B,"TR,Bipolar",2N3904S NPN 6V 60V 40V 200mA 50NA 100TO300 350mW SOT23 R/TP 3P -  KEC CORP.,,3,EA,G,Assembly Pull,"Q100,Q1400,Q5300",,,1|1|1,||,,,,3,N,KEC CORP.,Y,
6322A00028C,4,1,Working,,2,,LUIS ENRIQUE FLORES(luise.flores),,B,"Thermistor,NTC","TSM0B473F4051RZA 47KOHM 1% 5V 46UA 4.05KK SMD R/TP -  Thinking Electronic Industrial Co., Ltd.",,1,EA,G,Assembly Pull,TH8000,,,1,,,,,1,N,"Thinking Electronic Industrial Co., Ltd.",Y,
EAE30276501,4,1,Release,,3,,,,B,"Capacitor,Ceramic,Chip","CS1005C0G181J500NR 180 pF 5% 50V C0G -55TO+125C 1005 R/TP - -  SAMWHA CAPACITOR CO, LTD.",,15,EA,G,Assembly Pull,"C6801,C6803,C6804,C8006,C8008,C8054,C8062,C8064,C8065,C8066,C8067,C8068,C8071,C8093,C8094",,,1|1|1|1|1|1|1|1|1|1|1|1|1|1|1,||||||||||||||,,,,15,N,"SAMWHA CAPACITOR CO, LTD.",Y,
EAE32166101,4,1,Release,,3,,,,B,"Capacitor,Ceramic,Chip","CS1005X7R473K250NR 47 nF 10% 25V X7R -55TO+125C 1005 R/TP - -  SAMWHA CAPACITOR CO, LTD.",,3,EA,G,Assembly Pull,"C633,C635,C8055",,,1|1|1,||,,,,3,N,"SAMWHA CAPACITOR CO, LTD.",Y,
EAE32166601,4,1,Release,,3,,,,B,"Capacitor,Ceramic,Chip","CS1005C0G391J500NR 390 pF 5% 50V C0G -55TO+125C 1005 R/TP - -  SAMWHA CAPACITOR CO, LTD.",,4,EA,G,Assembly Pull,"C5300,C5301,C5302,C5312",,,1|1|1|1,|||,,,,4,N,"SAMWHA CAPACITOR CO, LTD.",Y,
EAE32479401,4,1,Release,,3,,,,B,"Capacitor,Ceramic,Chip","CS1005C0G471J500NR 470 pF 5% 50V C0G -55TO+125C 1005 R/TP - -  SAMWHA CAPACITOR CO, LTD.",,2,EA,G,Assembly Pull,"C1703,C2106",,,1|1,|,,,,2,N,"SAMWHA CAPACITOR CO, LTD.",Y,
EAE52158501,4,1.1,Release,,3,,,,B,"Capacitor,Ceramic,Chip","CS2012X7R106K100NRE 10 uF 10% 10V X7R -55TO+125C 2012 R/TP 1.25 -  SAMWHA CAPACITOR CO, LTD.",,23,EA,G,Assembly Pull,"C1401,C1402,C1601,C1902,C2505,C2507,C375,C378,C4700,C4701,C4703,C4704,C8012,C8014,C8015,C8100,C8103,C902,C9703,C9906,C9907,C9908,C9909",,,1|1|1|1|1|1|1|1|1|1|1|1|1|1|1|1|1|1|1|1|1|1|1,||||||||||||||||||||||,,,,23,N,"SAMWHA CAPACITOR CO, LTD.",Y,
EAE60659102,4,1,Working,,2,,KAMILA KRAJEWSKA(kamila.krajewska),,B,"Capacitor,AL,Chip",BXJ25VC22ME56TP 22uF -20TO20% 25V 62mA -55TO+105C BXJ 2000HR 5X5.3MM R/TP  SAMYOUNG ELECTRONICS CO. LTD,,1,EA,G,Assembly Pull,C7019,,,1,,,,,1,N,SAMYOUNG ELECTRONICS CO. LTD,Y,
EAE60663801,4,1,Release,,3,,,,B,"Capacitor,Ceramic,Chip","GRM21BR71E225KA73L 2.2 uF 10% 25V X7R -55TO+125C 2012 R/TP 0.85 - MURATA MANUFACTURING CO.,LTD.",,1,EA,G,Assembly Pull,C8023,,,1,,,,,1,N,"MURATA MANUFACTURING CO.,LTD.",Y,
EAE61081701,4,1,Release,,3,,,,B,"Capacitor,Ceramic,Chip","GRM31CR71E106KA12 10 uF +-10% 25V X7R -55TO+125C 3216 R/TP 1.6 -  MURATA MANUFACTURING CO.,LTD.",,5,EA,G,Assembly Pull,"C9901,C9902,C9903,C9904,C9905",,,1|1|1|1|1,||||,,,,5,N,"MURATA MANUFACTURING CO.,LTD.",Y,
EAE62082801,4,1,Release,1,2,,,,B,"Capacitor,Ceramic,Chip","GRM188R71H224KAC4D 220 nF 10% 50V X7R -55TO+125C 1608 R/TP 0.9 -  MURATA MANUFACTURING CO.,LTD.",,6,EA,G,Assembly Pull,"C5303,C5304,C5305,C5306,C7004,C7021",,,1|1|1|1|1|1,|||||,,,,6,N,"MURATA MANUFACTURING CO.,LTD.",Y,
EAE62303301,4,1,Release,,3,,,,B,"Capacitor,Ceramic,Chip","GRM188R71A225M 2.2 uF 20% 10V X7R -55TO+125C 1608 R/TP - -  MURATA MANUFACTURING CO.,LTD.",,6,EA,G,Assembly Pull,"C1014,C4111,C8050,C8806,C8808,C8810",,,1|1|1|1|1|1,|||||,,,,6,N,"MURATA MANUFACTURING CO.,LTD.",Y,
EAE62772301,4,1,Release,1,3,,,,B,"Capacitor,Ceramic,Chip","GRM21BR71E475KA73L 4.7 uF 10% 25V X7R -55TO+125C 2012 TP - -  GUANG DONG FENG HUA GAO XIN JI SHU GU FEN CO.,LTD",,18,EA,G,Assembly Pull,"C8010,C8011,C8013,C8022,C8024,C8030,C8041,C8044,C8049,C8051,C8059,C8060,C8074,C8077,C8079,C8080,C8090,C8091",,,1|1|1|1|1|1|1|1|1|1|1|1|1|1|1|1|1|1,|||||||||||||||||,,,,18,N,"GUANG DONG FENG HUA GAO XIN JI SHU GU FEN CO.,LTD",Y,
EAE66007201,4,1,Release,1,3,,,,B,"Capacitor,AL,Chip","CA1H476M0806BVR 47uF -20TO20% 50V 210mA -55TO+105C CA 5000HR 8X6.2MM R/TP  SAMYOUNG ELECTRONICS CO., LTD.",,1,EA,G,Assembly Pull,C8046,,,1,,,,,1,N,"SAMYOUNG ELECTRONICS CO., LTD.",N,
EAE66279001,4,1,Release,,2,,,,B,"Capacitor,Ceramic,Chip","CS3216X7R102K202NRE 1 nF 10% 2000V X7R -55TO+125C 3216 TP/REEL - -  SAMWHA CAPACITOR CO., LTD.",,1,EA,G,Assembly Pull,C5000,,,1,,,,,1,N,"SAMWHA CAPACITOR CO., LTD.",N,
EAE66302101,4,1,Release,1,3,,,,B,"Capacitor,Ceramic,Chip",GRM21BC81E106KE51 10 uF -10TO+10% 25V X6S -55TO+105C 2012 R/TP T(1.25) - KOREA MURATA ELECTRONICS CO.  LTD.,,17,EA,G,Assembly Pull,"C1502,C1709,C2100,C2348,C2357,C2512,C5317,C5318,C7009,C7016,C8007,C8025,C8028,C8040,C8042,C8043,C8063",,,1|1|1|1|1|1|1|1|1|1|1|1|1|1|1|1|1,||||||||||||||||,,,,17,N,KOREA MURATA ELECTRONICS CO.  LTD.,Y,
EAE66306801,4,1,Release,1,2,,,,B,"Capacitor,Ceramic,Chip","CS2012X7R684K500NRE 0.68 uF +-10% 50V X7R -55TO+125C 2012 R/TP T:1.25 -  SAMWHA CAPACITOR CO, LTD.",,4,EA,D,Assembly Pull,"C5333,C5334,C5335,C5336",,,1|1|1|1,|||,,,,4,N,"SAMWHA CAPACITOR CO, LTD.",Y,
EAE66354401,4,1,Working,,2,,VICTORIA YIZZEL RIVERA(victoria.rivera),,B,"Capacitor,Ceramic,Chip","CL21X226MQQNNNE 22 uF +-20% 6.3V X6S -55TO+105C 2012 R/TP - -  SAMSUNG ELECTRO-MECHANICS CO., LTD.",,19,EA,G,Assembly Pull,"C1505,C1506,C1704,C1706,C1903,C2101,C2103,C2320,C2321,C2322,C2355,C343,C349,C355,C4104,C423,C424,C441,C6522",,,1|1|1|1|1|1|1|1|1|1|1|1|1|1|1|1|1|1|1,||||||||||||||||||,,,,19,N,"SAMSUNG ELECTRO-MECHANICS CO., LTD.",Y,
EAE66354501,4,1,Working,,2,,VICTORIA YIZZEL RIVERA(victoria.rivera),,B,"Capacitor,Ceramic,Chip","CL10X226MQ8QRWC 22 uF +-20% 6.3V X6S -55TO+105C 1608 R/TP - - SAMSUNG ELECTRO-MECHANICS CO., LTD.",,8,EA,G,Assembly Pull,"C301,C302,C305,C331,C366,C389,C391,C397",,,1|1|1|1|1|1|1|1,|||||||,,,,8,N,"SAMSUNG ELECTRO-MECHANICS CO., LTD.",Y,
EAF61530102,4,1,Release,1,2,,,,B,Varistor,"ICVS0505201FR ; 5.6V 15% 200pF 1.0X0.5X0.6 NONE SMD R/TP  Moda-InnoChips Co., Ltd.",,3,EA,G,Assembly Pull,"VA3306,VA3309,VA3315",,,1|1|1,||,,,,3,N,"Moda-InnoChips Co., Ltd.",Y,
EAF64547504,4,1,Working,,2,,VICTORIA YIZZEL RIVERA(victoria.rivera),,B,Varistor,TVS0402E180-100Y 20V 30% 10pF 1005 NONE SMD REEL  TAI-TECH ADVANCED ELECTRONICS CO . LTD,,6,EA,D,Assembly Pull,"VA3304,VA3305,VA3310,VA3313,VA3317,VA3318",,,1|1|1|1|1|1,|||||,,,,6,N,"TAI-TECH ADVANCED ELECTRONICS CO ., LTD",Y,
EAG00473601,4,1,Working,,2,,LUIS ENRIQUE FLORES(luise.flores),,B,"Connector,FFC/FPC/PIC","CUS-1310025-68CB1N002, 68P, 0.50MM, EASYLOCK 68P 0.50MM FFC STRAIGHT BOTTOM SMD R/TP LOCKING - P-TWO ELECTRIC TECHNOLOGY(SUZHOU)CO.,LTD",,2,EA,D,Assembly Pull,"P9100,P9101",,,1|1,|,,,,2,N,"P-TWO ELECTRIC TECHNOLOGY(SUZHOU)CO.,LTD",Y,
EAG00474101,4,1,Working,,2,,KAMILA KRAJEWSKA(kamila.krajewska),,B,"Connector,HDMI","C-166010072 HDMI A 1P 0.50MM ANGLE SMD R/TP 19P Ver2.1, H6.2, Lead length 1.4mm, lead align center Dongguan VAST Electronics Co.,Ltd",,3,EA,D,Assembly Pull,"JK3101,JK3102,JK3103",,,1|1|1,||,,,,3,N,"Dongguan VAST Electronics Co.,Ltd",Y,
EAG65031501,4,1,Release,1,2,,,,B,"Connector,BtoB","90042TS-B 1P NONE STRAIGHT SMD SMD R/TP 2.1mM Alternative for SMD Gasket  YEONHO ELECTRONICS CO., LTD",,3,EA,G,Assembly Pull,"M9700,M99010,M9911",,,1|1|1,||,,,,3,N,"YEONHO ELECTRONICS CO., LTD",Y,
EAH30119201,4,1,Working,,2,,LUIS ENRIQUE FLORES(luise.flores),,B,"Diode,TVS","ESDLC5V0LB 5V 5.3 8.5V 3.4A - DFN R/TP 2P 1 Yangzhou YANGJIE Electronic Technology Co., Ltd",,1,EA,D,Assembly Pull,ZD6800,,,1,,,,,1,N,"Yangzhou YANGJIE Electronic Technology Co., Ltd",Y,
EAH64532601,4,1,Release,1,3,,,,B,"Diode,Schottky",SS2030FL 500mV 30V 2A 0SEC 100pF 0W SOD123FL R/TP 2P 1  PANJIT,,1,EA,D,Assembly Pull,D7001,,,1,,,,,1,N,PANJIT,Y,
EAH64894901,4,1,Release,1,2,,,,B,"Diode,TVS",PJSD05W 5V 6 to 7.2 14.5V 24A 350W SOD-323 REEL 2P 1 PANJIT,,1,EA,D,Assembly Pull,ZD4700,,,1,,,,,1,N,PANJIT,Y,
EAH65052821,4,1,Release,,2,,,,B,"Diode,TVS",PS05TBUL2-RTL/HUJ 5V 6V to 10V 15V 4A 60W ULP-2 REEL 2P 1  KEC CORPORATION,,1,EA,G,Assembly Pull,ZD6801,,,1,,,,,1,N,KEC CORPORATION,Y,
EAH65079001,4,1,Release,1,2,,,,B,"Diode,Switching","BAV70 1V 75V 150mA 2A 4NSEC 350mW SOT23 R/TP 3P 1  Yangzhou YANGJIE Electronic Technology Co., Ltd",,3,EA,D,Assembly Pull,"D3300,D3301,D3302",,,1|1|1,||,,,,3,N,"Yangzhou YANGJIE Electronic Technology Co., Ltd",Y,
EAH65079101,4,1,Release,1,2,,,,B,"Diode,TVS","SMDJ20A 5V 24.5 32.4V 92.59A 6.5W SMC R/TP 2P 1  Yangzhou YANGJIE Electronic Technology Co., Ltd",,1,EA,D,Assembly Pull,D7004,,,1,,,,,1,N,"Yangzhou YANGJIE Electronic Technology Co., Ltd",Y,
EAH65079401,4,1,Release,1,2,,,,B,"Diode,Schottky","SK34A SMC 630mV 40V 3A 0SEC 170pF 0W DO-214AC(SMA) REEL 2P 1  SANGDEST MICROELECTRONIC(NANJING)CO.,LTD",,2,EA,D,Assembly Pull,"D7002,D7003",,,1|1,|,,,,2,N,"SANGDEST MICROELECTRONIC(NANJING)CO.,LTD",Y,
EAH65089601,4,1,Working,,2,,LUIS ENRIQUE FLORES(luise.flores),,B,"Diode,Rectifier","SS36A - 60V 700mV 500UA 70A 0SEC SMA R/TP 2P 1 Yangzhou YANGJIE Electronic Technology Co., Ltd",,3,EA,D,Assembly Pull,"D8002,D8003,D8004",,,1|1|1,||,,,,3,N,"Yangzhou YANGJIE Electronic Technology Co., Ltd",Y,
EAH65098401,4,1,Release,,2,,,,B,"Diode,Schottky","SSL54 450mV 40V 5A 0SEC 0F 0W SMC REEL 2P 1  Yangzhou YANGJIE Electronic Technology Co., Ltd",,1,EA,D,Assembly Pull,D8007,,,1,,,,,1,N,"Yangzhou YANGJIE Electronic Technology Co., Ltd",Y,
EAM00023902,4,1,Working,,2,,VICTORIA YIZZEL RIVERA(victoria.rivera),,B,"Filter,Common Mode",CMC2012S-801-2P-T 800Ohm 2.0x1.2x0.9 - - - SMD R/TP 4P - Shenzhen Cenker Enterprise Ltd.,,2,EA,D,Assembly Pull,"L5000,L5001",,,1|1,|,,,,2,N,Shenzhen Cenker Enterprise Ltd.,Y,
EAM65804601,4,1,Working,,2,,VICTORIA YIZZEL RIVERA(victoria.rivera),,B,"Filter,Bead",HFZ1005PF-121T20 120ohm 2000mA 1005(H:0.5) - - - SMD R/TP 2P -  TAI-TECH ADVANCED ELECTRONICS CO . LTD,,7,EA,D,Assembly Pull,"L311,L316,L5300,L600,L601,L6506,L8100",,,1|1|1|1|1|1|1,||||||,,,,7,N,"TAI-TECH ADVANCED ELECTRONICS CO ., LTD",Y,
EAM65804603,4,1,Working,,2,,VICTORIA YIZZEL RIVERA(victoria.rivera),,B,"Filter,Bead",HCB2012KF-121T50 120ohm 5000mA 2012(H:0.8) - - - SMD R/TP 2P -  TAI-TECH ADVANCED ELECTRONICS CO . LTD,,4,EA,D,Assembly Pull,"L5307,L5308,L5309,L5310",,,1|1|1|1,|||,,,,4,N,"TAI-TECH ADVANCED ELECTRONICS CO ., LTD",Y,
EAN00951601,4,1,Working,,2,,,,B,"IC,DC,DC Converter","SYVL354UART 4 to 18 0.6 to 9.2 0W SOT563 R/TP 6P MSL1, 4Ast Buck 1 4 - N/A Yes Converter - silergy",,4,EA,D,Assembly Pull,"IC1500,IC1700,IC2100,IC2500",,,1|1|1|1,|||,,,,4,N,Silergy Corp.,Y,
EAN00967601,4,1,Working,,2,,LUIS ENRIQUE FLORES(luise.flores),,B,"IC,Audio Amplifier","TAS5802 4.5V 20V 10m 0.06 12.5W 1.38W 72 2 TSSOP-PWP R/TP 28P MSL3 TEXAS INSTRUMENTS KOREA LTD, HONGKONG BRANCH.",,1,EA,D,Assembly Pull,IC5300,,,1,,,,,1,N,"TEXAS INSTRUMENTS KOREA LTD, HONGKONG BRANCH.",Y,
EAN63491301,4,1,Release,1,3,,,,B,"IC,Voltage Detector",KIC7529M2 0.7TO10V 0 350mW SOT23 R/TP 3P MSL1 - - - - - - - - KEC CORPORATION,,1,EA,G,Assembly Pull,IC1300,,,1,,,,,1,N,KEC CORPORATION,Y,
EAN63986101,4,1,Release,1,2,,,,B,"IC,Tuner",Si2151 1.7V 3.6V - - - - 635mW QFN R/TP 24P -  Silicon Laboratories International Pte. Ltd.,,1,EA,D,Assembly Pull,IC6801,,,1,,,,,1,N,Silicon Laboratories International Pte. Ltd.,N,
EAN64429401,4,1,Release,,2,,,,B,"IC,EEPROM","FT24C256A-ESR-T 256KBIT 32,768 x 8 (256K) 1.8VTO5.5V 5mSEC SOP-8 TRAY or REEL/TAPE 8P MSL 3  Fremont Micro Devices (HK) Ltd",,1,EA,D,Assembly Pull,IC102,,,1,,,,,1,N,Fremont Micro Devices(HONG KONG) Limited,Y,
EAN64432302,4,1,Release,1,2,,,,B,"IC,Analog Switch",SYVL68A1 2.5TO5.5V 400USEC 0SEC 0W SOT-23 REEL 5P MSL1  silergy,,1,EA,D,Assembly Pull,IC901,,,1,,,,,1,N,Silergy Corp.,Y,
EAN66321201,4,1,Release,1,3,,,,B,"IC,Voltage Converter","WT20-1809 30V ADJ 0W QFN R/TP 16P MSL 3 - - - - - - - -  DMB TECHNOLOGY CO., LTD.",,1,EA,G,Assembly Pull,IC7001,,,1,,,,,1,N,"DMB TECHNOLOGY CO., LTD.",Y,
EAN66482301,4,1,Release,1,2,,,,B,"IC,MCP,eMMC",THGAMVG7T13BAIL 16GBYTE -0.5VTO4.7V 11.5 x 13 x 0.8 T/R 153P Fusion Memory : Memory + Controller FBGA MSL3 KIOXIA Korea Corporation,,1,EA,G,Assembly Pull,IC8800,,,1,,,,,1,N,KIOXIA Korea Corporation,Y,
EAN66534401,4,1,Working,,2,,VICTORIA YIZZEL RIVERA(victoria.rivera),,B,"IC,DC,DC Converter","TPS56C231LRNNR 4.5 to 17 0.6 to 5.5 0W VQFN TRAY or REEL/TAPE 18P MSL 2 Buck 1 12 146UA N/A Yes Converter - TEXAS INSTRUMENTS KOREA LTD, HONGKONG BRANCH.",,1,EA,D,Assembly Pull,IC2301,,,1,,,,,1,N,"TEXAS INSTRUMENTS KOREA LTD, HONGKONG BRANCH.",Y,
EAN66549001,4,1,Working,,2,,VICTORIA YIZZEL RIVERA(victoria.rivera),,B,"IC,Analog Switch","TPS2065DDBVR 4.5V To 5.5V 0SEC 0SEC 0W SOT-23 R/TP 5P -  TEXAS INSTRUMENTS KOREA LTD, HONGKONG BRANCH.",,1,EA,D,Assembly Pull,IC4700,,,1,,,,,1,N,"TEXAS INSTRUMENTS KOREA LTD, HONGKONG BRANCH.",Y,
EAN66551502,4,1,Working,,2,,,,B,"IC,PMIC","LEPM24A 8.6 To 15.9 Adj 0W QFN TRAY or REEL/TAPE 72P MSL 3, Delay Buffer ADD - - - - - - - - RICHTEK TECHNOLOGY CORP.",,1,EA,D,Assembly Pull,IC8001,,,1,,,,,1,N,RICHTEK TECHNOLOGY CORP.,Y,
EAN66586401,4,1,Release,,2,,,,B,"IC,LDO Voltage Regulator","TLV75901PDRVR 1.5V TO 6.0V Adj. 1W WSON R/TP 6P MSL 1 - - - - - - - -  TEXAS INSTRUMENTS KOREA LTD, HONGKONG BRANCH.",,3,EA,D,Assembly Pull,"IC1600,IC1900,IC8100",,,1|1|1,||,,,,3,N,"TEXAS INSTRUMENTS KOREA LTD, HONGKONG BRANCH.",Y,
EAN66602901,4,1,Working,,2,,KAMILA KRAJEWSKA(kamila.krajewska),,B,"IC,Load Switch","ET20170 4.5TO18V 42mSEC 4mSEC 0W VSON T/REEL 10P Lactch up TI EAN64370302 Complete Multi MSL1 WUXI ETEK MICROELECTRONICS CO., LTD.",,1,EA,D,Assembly Pull,IC7100,,,1,,,,,1,N,"WUXI ETEK MICROELECTRONICS CO., LTD.",Y,
EAN66603501,4,1,Working,,2,,VICTORIA YIZZEL RIVERA(victoria.rivera),,B,"IC,Ambient Light Sensor",VEML3235OA3OZ SIDE VIEW TYPE 2.95X1.5X1.5mm OPLGA R/TP 4P MSL3  VISHAY INTERTECHNOLOGY ASIA PTE LTD,,1,EA,D,Assembly Pull,IC9700,,,1,,,,,1,N,VISHAY INTERTECHNOLOGY ASIA PTE LTD,Y,
EAP60778312,4,1,Release,,3,,,,B,"Inductor,Multilayer,Chip",SDCL1005CR27JTDF 270NH 5% 0V 100mA - - 4.5OHM 400mHZ 8 SHIELD 1 1.0X0.5X0.5MM R/TP SHENZHEN SUNLORD ELECTRONICS CO.LTD,,5,EA,D,Assembly Pull,"L6800,L6802,L6803,L6804,L6805",,,1|1|1|1|1,||||,,,,5,N,SHENZHEN SUNLORD ELECTRONICS CO.LTD,N,
EAP60778315,4,1,Working,,2,,LUIS ENRIQUE FLORES(luise.flores),,B,"Inductor,Multilayer,Chip",SDCL1005CR18JTDF 180NH 5% 0V 150mA - - 3.7OHM 500MHZ 8 SHIELD 1 1.0X0.5X0.5MM R/TP SHENZHEN SUNLORD ELECTRONICS CO.LTD,,1,EA,D,Assembly Pull,L6801,,,1,,,,,1,N,SHENZHEN SUNLORD ELECTRONICS CO.LTD,Y,
EAP65069401,4,1,Release,1,2,,,,B,"Inductor,Wire Wound,Chip","LPH6050T-150M-ER 15UH 20% - 3mA 3.3 3 88m - - SHIELD 6.0X6.0X5.0mm - R/TP ABCO ELECTRONICS CO.,LTD",,1,EA,G,Assembly Pull,L7000,,,1,,,,,1,N,"ABCO ELECTRONICS CO.,LTD",Y,
EAP65276402,4,1,Release,1,2,,,,B,"Inductor,Wire Wound,Chip",HPC5040NF-100M 10UH 20% - 2.4A 2.3 2 67m - - SHIELD 5.0x5.0x4.5MM - R/TP TAI-TECH ADVANCED ELECTRONICS CO . LTD,,3,EA,D,Assembly Pull,"L8001,L8004,L8005",,,1|1|1,||,,,,3,N,"TAI-TECH ADVANCED ELECTRONICS CO ., LTD",Y,
EAP65276404,4,1,Release,1,2,,,,B,"Inductor,Wire Wound,Chip",TMPA0605S-1R0MN-4M6-D 1UH 20% - 15A 18 15 4.6m - - SHIELD 7X7X5MM - R/TP TAI-TECH ADVANCED ELECTRONICS CO . LTD,,1,EA,D,Assembly Pull,L2303,,,1,,,,,1,N,"TAI-TECH ADVANCED ELECTRONICS CO ., LTD",Y,
EAP65276405,4,1,Release,1,2,,,,B,"Inductor,Wire Wound,Chip",TMPA1004S-100MN-11L2-D 10UH 20% - 6.1A 7.5 6.1 30m - - SHIELD 10.85X10.0X4.0MM - R/TP TAI-TECH ADVANCED ELECTRONICS CO . LTD,,1,EA,D,Assembly Pull,L8007,,,1,,,,,1,N,"TAI-TECH ADVANCED ELECTRONICS CO ., LTD",Y,
EAP65276409,4,1,Working,,2,,JAZZIEL RIOS(jazzielb.rios),,B,"Inductor,Wire Wound,Chip",HPC5040NF-2R2M 2.2UH 20% - 3.5A 5 3.5 23m - - SHIELD 5.0x5.0x4.5MM - R/TP TAI-TECH ADVANCED ELECTRONICS CO . LTD,,1,EA,D,Assembly Pull,L8002,,,1,,,,,1,N,"TAI-TECH ADVANCED ELECTRONICS CO ., LTD",Y,
EAP65276412,4,1,Working,,2,,VICTORIA YIZZEL RIVERA(victoria.rivera),,B,"Inductor,Wire Wound,Chip",HPC6045NC-3R3M 3.3UH 20% - 5A 6.5 5 30m - - SHIELD 6.0X6.0X4.5MM - R/TP TAI-TECH ADVANCED ELECTRONICS CO . LTD,,1,EA,D,Assembly Pull,L2501,,,1,,,,,1,N,"TAI-TECH ADVANCED ELECTRONICS CO ., LTD",Y,
EAP65276418,4,1,Working,,2,,VICTORIA YIZZEL RIVERA(victoria.rivera),,B,"Inductor,Wire Wound,Chip",CKCS6045-10uH/M-Q22 10UH 20% - 2.6A 4.1 2.6 46m - - SHIELD 6.0X6.0X4.5MM - R/TP Shenzhen Cenker Enterprise Ltd.,,4,EA,D,Assembly Pull,"L5301,L5302,L5303,L5304",,,1|1|1|1,|||,,,,4,N,Shenzhen Cenker Enterprise Ltd.,Y,
EAP65276429,4,1,Working,,3,,VICTORIA YIZZEL RIVERA(victoria.rivera),,B,"Inductor,Wire Wound,Chip",CKCS6045-2.2uH/M-Q22 2.2UH 20% - 5.5A 9.5 5.5 13.5m - - SHIELD 6.0X6.0X4.5MM - R/TP Shenzhen Cenker Enterprise Ltd.,,1,EA,D,Assembly Pull,L2100,,,1,,,,,1,N,Shenzhen Cenker Enterprise Ltd.,Y,
EAP65276501,4,1,Release,1,2,,,,B,"Inductor,Multilayer,Chip",FCH2012F-100K 10UH 10% - 15mA - - 1.15OHM 24MHZ 45 SHIELD 1 2X1.25X1.25MM R/TP TAI-TECH ADVANCED ELECTRONICS CO . LTD,,2,EA,D,Assembly Pull,"L3300,L3301",,,1|1,|,,,,2,N,"TAI-TECH ADVANCED ELECTRONICS CO ., LTD",Y,
EAP65289603,4,1,Working,,2,,,,B,"Inductor,Wire Wound,Chip",AHP252012RA-2R2M-SF 2.2UH 20% - 2.6A 2.8 2.6 45m - - SHIELD 2.5X2.0X1.2MM - R/TP TAI-TECH ADVANCED ELECTRONICS CO . LTD,,1,EA,D,Assembly Pull,L1700,,,1,,,,,1,N,"TAI-TECH ADVANCED ELECTRONICS CO ., LTD",Y,
EAP65289605,4,1,Working,,2,,VICTORIA YIZZEL RIVERA(victoria.rivera),,B,"Inductor,Wire Wound,Chip",CKCSA252012-1uH/M-Q22 1UH 20% - 3.8A 3.8 3.5 58m - - SHIELD 2.5X2.0X1.2MM - R/TP Shenzhen Cenker Enterprise Ltd.,,1,EA,D,Assembly Pull,L1500,,,1,,,,,1,N,Shenzhen Cenker Enterprise Ltd.,Y,
EAV60793101,4,1.1,Release,,3,,,,B,"LED,Chip",LTST-C191KRKT RED 2.0TO2.4V 30mA 18.0TO54.0mcd 639nm 75W 1608 R/TP 2P -  Lite-On Technology Corporation,,1,EA,D,Assembly Pull,LD9100,,,1,,,,,1,N,Lite-On Technology Corporation,Y,
EAV61935201,4,1,Release,,2,,,,B,"LED,Chip","27-21/ R6C-AP1Q2B/3C RED 1.75TO2.35 Max 25mA 45TO112mcd 632nm 60mW 1606 R/TP 2P -  EVERLIGHT ELECTRONICS CO., LTD.",,1,EA,D,Assembly Pull,LD9700,,,1,,,,,1,N,"EVERLIGHT ELECTRONICS CO., LTD.",Y,
EAV62055001,4,1,Release,1,2,,,,B,Receiver Module,AO-R123C7G-LG(S) 2.7V TO 5.5V (SIDE VIEW) 450UA 37.9KHZ 15M 940NM R/TP 4P  AUK CORP,,1,EA,G,Assembly Pull,IC9701,,,1,,,,,1,N,AUK CORP,Y,
EAW40110703,4,1,Release,,2,,,,B,Crystal,"BMC-30(24M, 8p) 24MHZ 20PPM 8pF,3pF 3225 4PAD SMD R/TP  LIHOM-CUCHEN Co.Ltd.",,1,EA,G,Assembly Pull,X6800,,,1,,,,,1,N,LIHOM-CUCHEN Co.Ltd.,Y,
EAW64262701,4,1,Working,,2,,VICTORIA YIZZEL RIVERA(victoria.rivera),,B,Crystal,"9S27000049 27MHZ 20PPM 8pF 2016 SMD R/TP  GUANGDONG FAITH LONG CRYSTAL TECHNOLOGY Co.,Ltd.",,1,EA,D,Assembly Pull,X200,,,1,,,,,1,N,"GUANGDONG FAITH LONG CRYSTAL TECHNOLOGY Co.,Ltd.",Y,
EBC30996801,4,1.1,Release,,3,,,,B,"Resistor,Chip","MCR01MZPF2000 200OHM 1% 1/16W 1005 R/TP -  ROHM CO.,LTD.",,2,EA,G,Assembly Pull,"R6801,R6802",,,1|1,|,,,,2,N,"ROHM CO.,LTD.",Y,
EBC32176201,4,1,Release,,3,,,,B,"Resistor,Chip","MCR01MZPJ511 510OHM 5% 1/16W 1005 R/TP -  ROHM CO.,LTD.",,1,EA,G,Assembly Pull,R4102,,,1,,,,,1,N,"ROHM CO.,LTD.",Y,
EBC33932801,4,1,Release,,3,,,,B,"Resistor,Chip","MCR01MZPF2401 2.4KOHM 1% 1/16W 1005 R/TP -  ROHM CO.,LTD.",,1,EA,G,Assembly Pull,R9700,,,1,,,,,1,N,"ROHM CO.,LTD.",Y,
EBC35293401,4,1,Release,,3,,,,B,"Resistor,Chip","MCR01MZPF683. 68KOHM 1% 1/16W 1005 R/TP -  ROHM CO.,LTD.",,1,EA,G,Assembly Pull,R7109,,,1,,,,,1,N,"ROHM CO.,LTD.",Y,
EBC62582701,4,1,Working,,3,,VICTORIA YIZZEL RIVERA(victoria.rivera),,B,"Resistor,Array","RTA02-2D330JTH(33) 33OHM 5% 1/16W 2 SMD R/TP 4P 1005 2010  ABCO ELECTRONICS CO.,LTD",,5,EA,G,Assembly Pull,"AR800,AR801,AR802,AR803,AR808",,,1|1|1|1|1,||||,,,,5,N,"ABCO ELECTRONICS CO.,LTD",Y,
EBC62582702,4,1,Working,,3,,VICTORIA YIZZEL RIVERA(victoria.rivera),,B,"Resistor,Array",2D02WGJ0332TCE 3.3KOHM 5% 1/16W 2 SMD R/TP 4P 1005 2010  UNIOHM ( UNIROYAL ELECTRONICS INDUSTRY CO. LTD.),,1,EA,G,Assembly Pull,AR101,,,1,,,,,1,N,UNIOHM ( UNIROYAL ELECTRONICS INDUSTRY CO. LTD.),Y,
EBC62582703,4,1,Working,,3,,VICTORIA YIZZEL RIVERA(victoria.rivera),,B,"Resistor,Array",2D02WGJ0473TCE 47KOHM 5% 1/16W 2 SMD R/TP 4P 1005 2010  UNIOHM ( UNIROYAL ELECTRONICS INDUSTRY CO. LTD.),,3,EA,G,Assembly Pull,"AR3312,AR3313,AR3314",,,1|1|1,||,,,,3,N,UNIOHM ( UNIROYAL ELECTRONICS INDUSTRY CO. LTD.),Y,
EBC62582706,4,1,Working,,3,,VICTORIA YIZZEL RIVERA(victoria.rivera),,B,"Resistor,Array","RTA02-2D101JTH(100) 100OHM 5% 1/16W 2 SMD R/TP 4P 1005*2 2010  ABCO ELECTRONICS CO.,LTD",,5,EA,G,Assembly Pull,"AR4100,AR4101,AR804,AR806,AR9700",,,1|1|1|1|1,||||,,,,5,N,"ABCO ELECTRONICS CO.,LTD",Y,
EBC62582710,4,1,Working,,2,,VICTORIA YIZZEL RIVERA(victoria.rivera),,B,"Resistor,Array",RTA02-2D750JTH(75) 75OHM 5% 1/16W 2 SMD R/TP 4P 1005X2 2010  RALEC,,3,EA,G,Assembly Pull,"AR3302,AR3303,AR3305",,,1|1|1,||,,,,3,N,RALEC,Y,
EBC62798406,4,1,Working,,3,,LUIS ENRIQUE FLORES(luise.flores),,B,"Resistor,Chip","RTA02-4D5R1JTH(5R1) 5.1OHM 5% 1/16W 1005X4 R/TP -  ABCO ELECTRONICS CO.,LTD",,6,EA,G,Assembly Pull,"AR3300,AR3301,AR3308,AR3309,AR3310,AR3311",,,1|1|1|1|1|1,|||||,,,,6,N,"ABCO ELECTRONICS CO.,LTD",Y,
EBC65736201,4,1,Working,,2,,LUIS ENRIQUE FLORES(luise.flores),,B,"Resistor,Chip","ACR1206T0R15F(0R15) 0.15OHM 1% 1/4W 3216 R/TP -  ABCO ELECTRONICS CO.,LTD",,3,EA,G,Assembly Pull,"R8045,R8096,R8097",,,1|1|1,||,,,,3,N,"ABCO ELECTRONICS CO.,LTD",Y,
EBC65736301,4,1,Working,,2,,JAZZIEL RIOS(jazzielb.rios),,B,"Resistor,Chip","ACR1206T0R10F(0R1) 0.1OHM 1% 1/4W 3216 R/TP -  ABCO ELECTRONICS CO.,LTD",,1,EA,G,Assembly Pull,R8021,,,1,,,,,1,N,"ABCO ELECTRONICS CO.,LTD",Y,
EBF61874701,4,1,Release,,3,,,,B,"Switch,Tact","JTP-1136SM 1C1P 12VDC 50mA HORIZONTAL 160GF R/TP -  SwitchKOREA Co., Ltd",,1,EA,G,Assembly Pull,SW9700,,,1,,,,,1,N,"SwitchKOREA Co., Ltd",N,
EBJ30065002,4,1,Working,,2,,VICTORIA YIZZEL RIVERA(victoria.rivera),,B,"Transformer,Switching",CMTB3532-121 - 120uH 10/100 Single Port - - Shenzhen Cenker Enterprise Ltd.,,2,EA,D,Assembly Pull,"T5000,T5001",,,1|1,|,,,,2,N,Shenzhen Cenker Enterprise Ltd.,Y,
EBK61913702,4,1,Release,1,2,,,,B,FET,SSM3J332R P-CHANNEL MOSFET -30V 12 -6A 0.072OHM 1W SOT23 R/TP 3P  TOSHIBA ELECTRONICS KOREA CORPORATION,,3,EA,G,Assembly Pull,"Q1401,Q4101,Q8003",,,1|1|1,||,,,,3,N,TOSHIBA ELECTRONICS KOREA CORPORATION,Y,
EBK65194901,4,1,Release,1,2,,,,B,FET,"YJL3400A N-CHANNEL MOSFET 30V 12 5.6A 0.045OHM 1.2W SOT23 R/TP 3P  Yangzhou YANGJIE Electronic Technology Co., Ltd",,1,EA,D,Assembly Pull,Q801,,,1,,,,,1,N,"Yangzhou YANGJIE Electronic Technology Co., Ltd",Y,
EBK65195101,4,1,Release,1,2,,,,B,"TR,Bipolar","MMBT3904_yangjie NPN 6V 60V 40V 200mA 50NA 100 to 300 350mW SOT23 R/TP 3P -  Yangzhou YANGJIE Electronic Technology Co., Ltd",,6,EA,D,Assembly Pull,"Q3302,Q3303,Q3305,Q4100,Q9100,Q9700",,,1|1|1|1|1|1,|||||,,,,6,N,"Yangzhou YANGJIE Electronic Technology Co., Ltd",Y,
EBK65212101,4,1,Release,,2,,,,B,FET,"2N7002KC N-CHANNEL MOSFET 60V +-20 300mA 2OHM 300mW SOT-23 R/TP 3P  Yangzhou YANGJIE Electronic Technology Co., Ltd",,1,EA,D,Assembly Pull,Q1300,,,1,,,,,1,N,"Yangzhou YANGJIE Electronic Technology Co., Ltd",Y,
EBK65214001,4,1,Working,,2,,JAZZIEL RIOS(jazzielb.rios),,B,FET,"YJL03N06C N-CHANNEL MOSFET 60V 20 3A 0.008OHM 1.2W SOT23 R/TP 3P  Yangzhou YANGJIE Electronic Technology Co., Ltd",,1,EA,D,Assembly Pull,Q8004,,,1,,,,,1,N,"Yangzhou YANGJIE Electronic Technology Co., Ltd",Y,
EBK65220701,4,1,Working,,2,,LUIS ENRIQUE FLORES(luise.flores),,B,FET,MDD1951RH N-CHANNEL MOSFET 60V 20 17.9A 0.045OHM 32.8W DPAK R/TP 3P  MAGNACHIP SEMICONDUCTOR LTD,,1,EA,D,Assembly Pull,Q8011,,,1,,,,,1,N,"MAGNACHIP SEMICONDUCTOR, LTD.",Y,
