"Designator","Part Number"
"AR3300",""
"AR701",""
"AR702",""
"AR703",""
"AR704",""
"AR705","EBC62798406"
"AR706","EBC62798406"
"AR7600",""
"AR8803",""
"AR8804",""
"AR900",""
"AR901",""
"AR902",""
"AR903",""
"C100",""
"C101",""
"C1018",""
"C102",""
"C1020",""
"C1021",""
"C1022",""
"C1023",""
"C1024",""
"C1025",""
"C1026",""
"C1027",""
"C1028",""
"C1029",""
"C103",""
"C1030",""
"C1037",""
"C1038",""
"C1039",""
"C104",""
"C1040",""
"C106",""
"C107",""
"C108",""
"C109",""
"C110",""
"C1100",""
"C1101",""
"C1102",""
"C1103",""
"C1104",""
"C111",""
"C1112",""
"C1113",""
"C1114",""
"C1115",""
"C112",""
"C1126",""
"C1300",""
"C1301",""
"C1401",""
"C1402",""
"C1403",""
"C1404",""
"C1405",""
"C1406",""
"C1407",""
"C1408",""
"C1409",""
"C1523",""
"C1524",""
"C1525",""
"C1526",""
"C1527",""
"C1528",""
"C1600",""
"C1601",""
"C1602",""
"C1603",""
"C1604",""
"C1605",""
"C1606",""
"C1607",""
"C1609",""
"C1610",""
"C1611",""
"C1612",""
"C1613",""
"C1614",""
"C1615",""
"C1616",""
"C1617",""
"C1618",""
"C1619",""
"C1700",""
"C1708",""
"C1709",""
"C1710",""
"C1711",""
"C1712",""
"C1713",""
"C1716",""
"C1717",""
"C1800",""
"C1801",""
"C1802",""
"C1803",""
"C1804",""
"C1805",""
"C1806",""
"C1807",""
"C1808",""
"C1809",""
"C2000",""
"C2001",""
"C2002",""
"C2003",""
"C2004",""
"C2005",""
"C2006",""
"C2007",""
"C2008",""
"C2009",""
"C2010",""
"C2011",""
"C2012",""
"C2013",""
"C2014",""
"C2015",""
"C2016",""
"C2017",""
"C2018",""
"C2019",""
"C2100",""
"C2101",""
"C2102",""
"C2103",""
"C2104",""
"C2105",""
"C2106",""
"C2107",""
"C2108",""
"C2109",""
"C2200",""
"C2201",""
"C2202",""
"C2203",""
"C2204",""
"C2205",""
"C2206",""
"C2207",""
"C2208",""
"C225",""
"C3200",""
"C3205",""
"C3206",""
"C3207",""
"C3208",""
"C3209",""
"C3210",""
"C323",""
"C325",""
"C327",""
"C328",""
"C329",""
"C330",""
"C332",""
"C333",""
"C342",""
"C343",""
"C344",""
"C347",""
"C348",""
"C349",""
"C350",""
"C351",""
"C354",""
"C355",""
"C356",""
"C357",""
"C400",""
"C401",""
"C402",""
"C403",""
"C404",""
"C405",""
"C406",""
"C407",""
"C4110",""
"C4127",""
"C4201",""
"C431",""
"C432",""
"C500",""
"C5007",""
"C501",""
"C502",""
"C503",""
"C504",""
"C505",""
"C506",""
"C507",""
"C5300",""
"C5301",""
"C5302",""
"C5303",""
"C5304",""
"C5305",""
"C5306",""
"C5307",""
"C5308",""
"C5309",""
"C5310",""
"C5311",""
"C5312",""
"C5313",""
"C5314",""
"C5315",""
"C5316",""
"C5317",""
"C5318",""
"C5319",""
"C5320",""
"C5321",""
"C5322",""
"C5323",""
"C5324",""
"C5337","0CK104BF56A"
"C5338","0CK104BF56A"
"C5339","0CK104BF56A"
"C5340","0CK104BF56A"
"C5341","0CK104BF56A"
"C5342","0CK104BF56A"
"C5343","0CK104BF56A"
"C5344","0CK104BF56A"
"C5345",""
"C5346",""
"C5347",""
"C5348",""
"C5501",""
"C5502",""
"C5503",""
"C5504",""
"C5505",""
"C5659",""
"C600",""
"C6001",""
"C6002",""
"C6003",""
"C601",""
"C602",""
"C603",""
"C604",""
"C605",""
"C606",""
"C607",""
"C608",""
"C609",""
"C610",""
"C6103",""
"C6104",""
"C6105",""
"C6106",""
"C6107",""
"C6108",""
"C6109",""
"C611",""
"C6110",""
"C6111",""
"C6112",""
"C6113",""
"C612",""
"C6120",""
"C613",""
"C619",""
"C620",""
"C621",""
"C622",""
"C623",""
"C624",""
"C625",""
"C626",""
"C627",""
"C628",""
"C629",""
"C630",""
"C631",""
"C632",""
"C633",""
"C634",""
"C635",""
"C636",""
"C637",""
"C638",""
"C639",""
"C640",""
"C641",""
"C642",""
"C643",""
"C644",""
"C645",""
"C646",""
"C647",""
"C652",""
"C654",""
"C659",""
"C662",""
"C663",""
"C668",""
"C669",""
"C670",""
"C671",""
"C672",""
"C673",""
"C674",""
"C675",""
"C676",""
"C677",""
"C678",""
"C679",""
"C680",""
"C681",""
"C682",""
"C683",""
"C684",""
"C685",""
"C686",""
"C687",""
"C688",""
"C690",""
"C691",""
"C692",""
"C693",""
"C694",""
"C695",""
"C698",""
"C699",""
"C7001",""
"C7002",""
"C7003",""
"C7004",""
"C7006",""
"C7007",""
"C7011",""
"C7012",""
"C7013",""
"C7014",""
"C7015",""
"C7016",""
"C7017",""
"C7018",""
"C7019",""
"C7020",""
"C7021",""
"C7022",""
"C7023",""
"C7024",""
"C7025",""
"C7026",""
"C7027",""
"C7028",""
"C7029",""
"C7030",""
"C7031",""
"C7032",""
"C7033",""
"C7034",""
"C7036",""
"C7037",""
"C7038",""
"C7039",""
"C7040",""
"C7042",""
"C710",""
"C7100",""
"C7101",""
"C7102",""
"C7103",""
"C7104",""
"C7105",""
"C7106",""
"C7107",""
"C7108",""
"C711",""
"C7111",""
"C7112",""
"C7113",""
"C7114",""
"C7115",""
"C7116",""
"C7117",""
"C7118",""
"C7119",""
"C712",""
"C7120",""
"C7121",""
"C7122",""
"C7123",""
"C7124",""
"C7125",""
"C7126",""
"C7127",""
"C7128",""
"C7129",""
"C713",""
"C7130",""
"C7131",""
"C7132",""
"C7133",""
"C7134",""
"C7135",""
"C7136",""
"C7137",""
"C7138",""
"C7139",""
"C714",""
"C7140",""
"C715",""
"C7151",""
"C716",""
"C717",""
"C718",""
"C719",""
"C720",""
"C7201",""
"C7203",""
"C7205",""
"C721",""
"C7214",""
"C7215",""
"C7216",""
"C7217",""
"C7218",""
"C7219",""
"C722",""
"C7220",""
"C7221",""
"C7222",""
"C7223",""
"C7224",""
"C7225",""
"C7226",""
"C7227",""
"C7228",""
"C7229",""
"C723",""
"C7230",""
"C7231",""
"C7232",""
"C7233",""
"C7234",""
"C7235",""
"C724",""
"C725",""
"C726",""
"C727",""
"C728",""
"C7600",""
"C7777",""
"C7779",""
"C825",""
"C826",""
"C827",""
"C828",""
"C829","0CK104BF56A"
"C830","0CK104BF56A"
"C831","0CK104BF56A"
"C832","0CK104BF56A"
"C833","0CK104BF56A"
"C834","0CK104BF56A"
"C835","0CK104BF56A"
"C836","0CK104BF56A"
"C8800",""
"C8801",""
"C8802",""
"C8803",""
"C8804",""
"C8805",""
"C8806",""
"C8807",""
"C8808",""
"C8809",""
"C8810",""
"C8811",""
"C8812",""
"C8839",""
"C8840",""
"C8841",""
"C9086",""
"D101",""
"D3202",""
"D3203",""
"D5301",""
"D5302",""
"D5303",""
"D5310",""
"D5311",""
"D5312",""
"D6102",""
"D6103",""
"D6104",""
"D6105",""
"D701",""
"D702",""
"D703",""
"D704",""
"D705",""
"D706",""
"F5001",""
"IC1003",""
"IC1004",""
"IC101",""
"IC102",""
"IC1102",""
"IC1300",""
"IC1400",""
"IC1503",""
"IC1600",""
"IC1602",""
"IC1603",""
"IC1700",""
"IC1800",""
"IC2000",""
"IC2100",""
"IC2200",""
"IC3200",""
"IC3204",""
"IC3205",""
"IC3206",""
"IC3207",""
"IC400",""
"IC4000",""
"IC401",""
"IC4100",""
"IC5001",""
"IC501",""
"IC502",""
"IC5300",""
"IC5508",""
"IC601",""
"IC6100",""
"IC6101",""
"IC6102",""
"IC6103",""
"IC6104",""
"IC6105",""
"IC6106",""
"IC6107",""
"IC6108",""
"IC6109",""
"IC7001",""
"IC7002",""
"IC7003",""
"IC701",""
"IC702",""
"IC703",""
"IC7100",""
"IC7101",""
"IC7609",""
"IC7611",""
"IC7612",""
"IC8800",""
"JK4101",""
"JK4102",""
"JK4103",""
"JK4201",""
"JK5302",""
"JK5501",""
"JK6100",""
"JK6101",""
"JK6102",""
"JK702",""
"JK703",""
"JK820",""
"JP1009",""
"JP1010",""
"JP1011",""
"JP1012",""
"JP1013",""
"JP1014",""
"JP1015",""
"JP1016",""
"JP200",""
"JP201",""
"JP202",""
"JP203",""
"JP3207",""
"JP3208",""
"JP3212",""
"JP3213",""
"JP3216",""
"JP4103",""
"JP4104",""
"JP4105",""
"JP4106",""
"JP4114",""
"JP4115",""
"JP4116",""
"JP4117",""
"JP4118",""
"JP4119",""
"JP4120",""
"JP4131",""
"JP4132",""
"JP4133",""
"JP4134",""
"JP4135",""
"JP4201",""
"JP5304",""
"JP5305",""
"JP5306",""
"JP6110",""
"JP6111",""
"JP6112",""
"JP6113",""
"JP6114",""
"JP6115",""
"JP6116",""
"JP6117",""
"JP7653",""
"JP7654",""
"JP7655",""
"JP7656",""
"JP820",""
"JP821",""
"JP822",""
"L1006",""
"L1008",""
"L1012",""
"L1017",""
"L1018",""
"L1019",""
"L1020",""
"L1100",""
"L1400",""
"L1401",""
"L1402",""
"L1506",""
"L1507",""
"L1508",""
"L1600",""
"L1601",""
"L1602",""
"L1603",""
"L1604",""
"L1700",""
"L1701",""
"L1702",""
"L1800",""
"L1801",""
"L1802",""
"L2000",""
"L2001",""
"L2002",""
"L2100",""
"L2101",""
"L2102",""
"L2200",""
"L2201",""
"L2202",""
"L302",""
"L303",""
"L304",""
"L305",""
"L5300",""
"L5301",""
"L5302",""
"L5303",""
"L5304",""
"L5306",""
"L604",""
"L605",""
"L607",""
"L608",""
"L6100",""
"L6104",""
"L611",""
"L613",""
"L615",""
"L616",""
"L7003",""
"L7004",""
"L7005",""
"L7006",""
"L7007",""
"L7008",""
"L7011",""
"L7012",""
"L7014",""
"L7101",""
"L7102",""
"L7103",""
"L7104",""
"L7105",""
"L7106",""
"L7107",""
"L7108",""
"L7203",""
"L7204",""
"L7205",""
"L7206",""
"L7207",""
"L7208",""
"L7209",""
"L7210",""
"L7211",""
"L7212",""
"L7600",""
"L7601",""
"L7602",""
"L7603",""
"L7604",""
"L820",""
"L8800",""
"L8801",""
"LD1000",""
"M3201",""
"M7600",""
"M7601",""
"M7602",""
"M7603",""
"M7604",""
"M7605",""
"M7606",""
"M7607",""
"M7608",""
"P100",""
"P1001",""
"P4101",""
"P7606",""
"P7607",""
"Q100",""
"Q104",""
"Q106",""
"Q1073",""
"Q1074",""
"Q1075",""
"Q1078",""
"Q1079",""
"Q1100",""
"Q1101",""
"Q2000",""
"Q2001",""
"Q2100",""
"Q2101",""
"Q400",""
"Q401",""
"Q402",""
"Q5300",""
"Q603",""
"Q6100",""
"Q6101",""
"Q701",""
"Q702",""
"Q7201",""
"R100",""
"R1005",""
"R1006",""
"R101",""
"R1011",""
"R1012",""
"R1013",""
"R1014",""
"R1015",""
"R102",""
"R103",""
"R1031",""
"R1032",""
"R1034",""
"R1035",""
"R1036",""
"R104",""
"R1042",""
"R105",""
"R1050",""
"R1053",""
"R1060",""
"R1061",""
"R1062",""
"R1063",""
"R107",""
"R108",""
"R1096",""
"R1097",""
"R1098",""
"R1099",""
"R1101",""
"R1102",""
"R1104",""
"R1105",""
"R1109",""
"R1110",""
"R1111",""
"R1113",""
"R1124",""
"R1125",""
"R1126",""
"R1127",""
"R1128",""
"R1129",""
"R1130",""
"R1131",""
"R1132",""
"R1133",""
"R1134",""
"R1135",""
"R1136",""
"R1137",""
"R1138",""
"R1139",""
"R1140",""
"R117",""
"R1207",""
"R1208",""
"R1210",""
"R1212",""
"R122",""
"R1220",""
"R1224",""
"R1230",""
"R1231",""
"R1232",""
"R1233",""
"R125",""
"R126",""
"R127",""
"R128",""
"R129",""
"R130",""
"R1300",""
"R1301",""
"R1303",""
"R1304",""
"R1305",""
"R132",""
"R1400",""
"R1401",""
"R1403",""
"R1405",""
"R142",""
"R143",""
"R144",""
"R146",""
"R1511",""
"R1512",""
"R1513",""
"R1514",""
"R1600",""
"R1601",""
"R1602",""
"R1607",""
"R1608",""
"R1609",""
"R1610",""
"R1611",""
"R1612",""
"R1613",""
"R1614",""
"R1615",""
"R165",""
"R166",""
"R167",""
"R168",""
"R169",""
"R170",""
"R1700",""
"R1701",""
"R1702",""
"R1705",""
"R1706",""
"R1707",""
"R171",""
"R172",""
"R175",""
"R176",""
"R177",""
"R178",""
"R179",""
"R180",""
"R1800",""
"R1801",""
"R1802",""
"R1805",""
"R181",""
"R182",""
"R200",""
"R2000",""
"R2001",""
"R2002",""
"R2003",""
"R2004",""
"R2005",""
"R2006",""
"R2007",""
"R2009",""
"R201",""
"R2010",""
"R2011",""
"R2013",""
"R2014",""
"R2015",""
"R202",""
"R203",""
"R204",""
"R205",""
"R206",""
"R207",""
"R208",""
"R209",""
"R210",""
"R2100",""
"R2102",""
"R2103",""
"R2104",""
"R2106",""
"R2107",""
"R2108",""
"R2109",""
"R211",""
"R2110",""
"R2111",""
"R2112",""
"R2113",""
"R212",""
"R213",""
"R214",""
"R215",""
"R216",""
"R217",""
"R218",""
"R219",""
"R220",""
"R2200",""
"R2201",""
"R2203",""
"R2204",""
"R222",""
"R223",""
"R224",""
"R225",""
"R226",""
"R227",""
"R228",""
"R229",""
"R230",""
"R232",""
"R245",""
"R273",""
"R274",""
"R275",""
"R276",""
"R278",""
"R282",""
"R283",""
"R284",""
"R285",""
"R286",""
"R291",""
"R292",""
"R293",""
"R304",""
"R306",""
"R315",""
"R316",""
"R317",""
"R318",""
"R319",""
"R3200",""
"R3201",""
"R3202",""
"R3220",""
"R325",""
"R3253",""
"R3254",""
"R3255",""
"R3256",""
"R3258",""
"R3259",""
"R326",""
"R3261",""
"R3262",""
"R3265",""
"R3266",""
"R3267",""
"R3268",""
"R3269",""
"R327",""
"R3271",""
"R3276",""
"R3277",""
"R3278",""
"R3283",""
"R3284",""
"R3287",""
"R3288",""
"R3289",""
"R3290",""
"R3291",""
"R3292",""
"R3293",""
"R3294",""
"R3295",""
"R3296",""
"R3297",""
"R3298",""
"R3299",""
"R3300",""
"R3301",""
"R3302",""
"R3303",""
"R3304",""
"R3305",""
"R3306",""
"R3307",""
"R3308",""
"R3309",""
"R3310",""
"R3311",""
"R3312",""
"R3313",""
"R3314",""
"R3315",""
"R3316",""
"R3317",""
"R3318",""
"R3319",""
"R332",""
"R335",""
"R336",""
"R3363",""
"R353",""
"R354",""
"R355",""
"R356",""
"R357",""
"R362",""
"R363",""
"R364",""
"R365",""
"R377",""
"R378",""
"R389",""
"R390",""
"R392",""
"R393",""
"R394",""
"R397",""
"R398",""
"R399",""
"R400",""
"R401",""
"R402",""
"R403",""
"R404",""
"R405",""
"R406",""
"R407",""
"R408",""
"R409",""
"R410",""
"R411",""
"R412",""
"R4121",""
"R4122",""
"R413",""
"R414",""
"R415",""
"R416",""
"R4168",""
"R4169",""
"R417",""
"R4170",""
"R4171",""
"R418",""
"R4188",""
"R4189",""
"R419",""
"R4190",""
"R4191",""
"R420",""
"R4203","0RJ0221C678"
"R4204","0RJ0221C678"
"R421",""
"R422",""
"R423",""
"R424",""
"R425",""
"R426",""
"R501",""
"R5013",""
"R5014",""
"R5015",""
"R5016",""
"R502",""
"R503",""
"R5038",""
"R504",""
"R5042",""
"R5048",""
"R505",""
"R5052",""
"R5055",""
"R5056",""
"R5060",""
"R5061",""
"R5067",""
"R5068",""
"R508",""
"R509",""
"R5093",""
"R5094",""
"R5095",""
"R5096",""
"R5097",""
"R5098",""
"R5099",""
"R510",""
"R5100",""
"R5101",""
"R5102",""
"R5103",""
"R5104",""
"R5105",""
"R5106",""
"R511",""
"R512",""
"R515",""
"R516",""
"R517",""
"R518",""
"R519",""
"R520",""
"R5300",""
"R5301",""
"R5302",""
"R5303",""
"R5304",""
"R5305",""
"R5306",""
"R5307",""
"R5308",""
"R5309",""
"R5310",""
"R5311",""
"R5315",""
"R5316",""
"R5317",""
"R5557",""
"R600",""
"R603",""
"R608",""
"R6100",""
"R6101",""
"R6102",""
"R6103",""
"R6104",""
"R6105",""
"R6106",""
"R6107",""
"R6108",""
"R6109",""
"R6110",""
"R6111",""
"R6112",""
"R6113",""
"R6114",""
"R6115",""
"R6116",""
"R6117",""
"R6118",""
"R6119",""
"R7001",""
"R7002",""
"R7003",""
"R7006",""
"R701",""
"R7010",""
"R7011",""
"R702",""
"R7020",""
"R7021",""
"R703",""
"R704",""
"R705",""
"R706",""
"R707",""
"R708",""
"R709",""
"R710",""
"R7102",""
"R7104",""
"R7105",""
"R7106",""
"R7107",""
"R7109",""
"R711",""
"R7110",""
"R712",""
"R713",""
"R714",""
"R715",""
"R716",""
"R717",""
"R718",""
"R719",""
"R720",""
"R7201",""
"R7203",""
"R721",""
"R722",""
"R723",""
"R724",""
"R725",""
"R726",""
"R731",""
"R7667",""
"R7668",""
"R7669",""
"R7674",""
"R7675",""
"R7676",""
"R7677",""
"R7688",""
"R7690",""
"R7691",""
"R7692",""
"R7693",""
"R7694",""
"R7695",""
"R7696",""
"R7697",""
"R7698",""
"R7699",""
"R7700",""
"R7701",""
"R7702",""
"R7703",""
"R7704",""
"R8800",""
"R8801",""
"R8802",""
"R900",""
"R901",""
"R9032",""
"R9033",""
"R9034",""
"R9035",""
"R9036",""
"R9037",""
"R9038",""
"R912",""
"R913",""
"R914",""
"R915",""
"R916",""
"R917",""
"R918",""
"R919",""
"R920",""
"R921",""
"R922",""
"R923",""
"R924",""
"R925",""
"R926",""
"R927",""
"R928",""
"R929",""
"R930",""
"R931",""
"R932",""
"R933",""
"R934",""
"R935",""
"R936",""
"R937",""
"R938",""
"R939",""
"R940",""
"R941",""
"R942",""
"R943",""
"R944",""
"R945",""
"R946",""
"R947",""
"R948",""
"R949",""
"R950",""
"R951",""
"R952",""
"R953",""
"R954",""
"R955",""
"R956",""
"SW101",""
"SW200",""
"SW205",""
"SW206",""
"TP7600",""
"TP7601",""
"VA1001",""
"VA1002",""
"VA1100",""
"VA3201",""
"VA4102",""
"VA5501",""
"VA5502",""
"VA5503",""
"VA5504",""
"VA6100",""
"VA6101",""
"VA6102",""
"VA6103",""
"VA6104",""
"VA701",""
"VA702",""
"VA703",""
"VA704",""
"VA705",""
"VA706",""
"VA707",""
"VA708",""
"VA709",""
"VA710",""
"X101",""
"X102",""
"X3201",""
"X3202",""
"X3203",""
"X5502",""
"ZD1400",""
"ZD1500",""
"ZD1600",""
"ZD1601",""
"ZD1700",""
"ZD1800",""
"ZD2000",""
"ZD2100",""
"ZD2200",""
"ZD3202",""
"ZD3203",""
"ZD4107",""
"ZD4108",""
"ZD4109",""
"ZD4110",""
"ZD4111",""
"ZD4201",""
"ZD7100",""
