Designator,EDB_Pin,UI_Pin_Candidates,Net,X,Y,Is_Power_Like,Is_Signal_Like,Tokens
IC100,A10,A10,TX_P_1_IM100,0.14635,0.0776,False,True,A10
IC100,A12,A12,TX_N_3_IM100,0.14755,0.0776,False,True,A12
IC100,A14,A14,GND,0.14875,0.0776,False,False,A14
IC100,A16,A16,TX_P_6_IM100,0.14995,0.0776,False,True,A16
IC100,A18,A18,TX_N_8_IM100,0.15115,0.0776,False,True,A18
IC100,A2,A2,EPHY_TD_N_IM100,0.14155,0.0776,False,False,A2
IC100,A20,A20,GND,0.15235,0.0776,False,False,A20
IC100,A22,A22,TX_P_11_IM100,0.15355,0.0776,False,True,A22
IC100,A24,A24,TX_N_13_IM100,0.15475,0.0776,False,True,A24
IC100,A26,A26,GND,0.15595,0.0776,False,False,A26
IC100,A4,A4,POWER_ON_OFF_REOTP,0.14275,0.0776,True,False,A4
IC100,A6,A6,HTPDAn,0.14395,0.0776,False,False,A6
IC100,A8,A8,GND,0.14515,0.0776,False,False,A8
IC100,AA1,AA1,HDMI2.1_3_CK_-_IM90,0.14095,0.0656,False,False,AA1
IC100,AA10,AA10,+CPU_1V0,0.14635,0.0656,True,False,AA10
IC100,AA13,AA13,+D1V0,0.14815,0.0656,True,False,AA13
IC100,AA14,AA14,GND,0.14875,0.0656,False,False,AA14
IC100,AA15,AA15,+CPU_1V0,0.14935,0.0656,True,False,AA15
IC100,AA17,AA17,+CPU_1V0,0.15055,0.0656,True,False,AA17
IC100,AA20,AA20,GND,0.15235,0.0656,False,False,AA20
IC100,AA29,AA29,EMMC_DATA[2],0.15785,0.0656,False,True,AA29
IC100,AA3,AA3,GND,0.14205,0.0656,False,False,AA3
IC100,AA30,AA30,EMMC_DATA[7],0.15835,0.0656,False,True,AA30
IC100,AA4,AA4,GND,0.14275,0.0656,False,False,AA4
IC100,AA5,AA5,SIGN001618,0.14335,0.0656,False,True,AA5
IC100,AA6,AA6,GND,0.14395,0.0656,False,False,AA6
IC100,AA7,AA7,FE_DEMOD1_TS_VAL,0.14455,0.0656,False,False,AA7
IC100,AA8,AA8,FE_DEMOD1_TS_SYNC,0.14515,0.0656,False,False,AA8
IC100,AA9,AA9,FE_DEMOD1_TS_DATA[7],0.14575,0.0656,False,True,AA9
IC100,AB1,AB1,HDMI2.1_3_CK_+_IM90,0.14095,0.065,False,False,AB1
IC100,AB12,AB12,+D1V0,0.14755,0.065,True,False,AB12
IC100,AB14,AB14,GND,0.14875,0.065,False,False,AB14
IC100,AB15,AB15,+CPU_1V0,0.14935,0.065,True,False,AB15
IC100,AB17,AB17,+CPU_1V0,0.15055,0.065,True,False,AB17
IC100,AB18,AB18,GND,0.15115,0.065,False,False,AB18
IC100,AB2,AB2,GND,0.14155,0.065,False,False,AB2
IC100,AB23,AB23,TPO_DATA[7],0.15415,0.065,False,True,AB23
IC100,AB24,AB24,TPO_DATA[6],0.15475,0.065,False,True,AB24
IC100,AB25,AB25,TPO_CLK,0.15535,0.065,False,True,AB25
IC100,AB26,AB26,TPO_DATA[4],0.15595,0.065,False,True,AB26
IC100,AB27,AB27,TPO_VAL,0.15655,0.065,False,False,AB27
IC100,AB28,AB28,TPO_DATA[5],0.15715,0.065,False,True,AB28
IC100,AB29,AB29,EMMC_DATA[0],0.15785,0.065,False,True,AB29
IC100,AB3,AB3,HDMI2.1_3_D0_-_IM90,0.14205,0.065,False,False,AB3
IC100,AB30,AB30,GND,0.15835,0.065,False,False,AB30
IC100,AB31,AB31,EMMC_DATA[1],0.15895,0.065,False,True,AB31
IC100,AB4,AB4,GND,0.14275,0.065,False,False,AB4
IC100,AC13,AC13,+D1V0,0.14815,0.0644,True,False,AC13
IC100,AC15,AC15,+CPU_1V0,0.14935,0.0644,True,False,AC15
IC100,AC17,AC17,+CPU_1V0,0.15055,0.0644,True,False,AC17
IC100,AC18,AC18,GND,0.15115,0.0644,False,False,AC18
IC100,AC23,AC23,TPO_DATA[3],0.15415,0.0644,False,True,AC23
IC100,AC25,AC25,TPO_DATA[2],0.15535,0.0644,False,True,AC25
IC100,AC27,AC27,TPO_DATA[1],0.15655,0.0644,False,True,AC27
IC100,AC29,AC29,EMMC_DATA[3],0.15785,0.0644,False,True,AC29
IC100,AC3,AC3,HDMI2.1_3_D0_+_IM90,0.14205,0.0644,False,False,AC3
IC100,AC30,AC30,EMMC_DATA[4],0.15835,0.0644,False,True,AC30
IC100,AC4,AC4,GND,0.14275,0.0644,False,False,AC4
IC100,AC5,AC5,GND,0.14335,0.0644,False,False,AC5
IC100,AC6,AC6,GND,0.14395,0.0644,False,False,AC6
IC100,AC7,AC7,GND,0.14455,0.0644,False,False,AC7
IC100,AC9,AC9,GND,0.14575,0.0644,False,False,AC9
IC100,AD14,AD14,+D1V0,0.14875,0.0638,True,False,AD14
IC100,AD16,AD16,+CPU_1V0,0.14995,0.0638,True,False,AD16
IC100,AD17,AD17,+CPU_1V0,0.15055,0.0638,True,False,AD17
IC100,AD18,AD18,GND,0.15115,0.0638,False,False,AD18
IC100,AD29,AD29,GND,0.15785,0.0638,False,False,AD29
IC100,AD3,AD3,GND,0.14205,0.0638,False,False,AD3
IC100,AD30,AD30,EMMC_STRB,0.15835,0.0638,False,False,AD30
IC100,AD31,AD31,EMMC_DATA[5],0.15895,0.0638,False,True,AD31
IC100,AD4,AD4,GND,0.14275,0.0638,False,False,AD4
IC100,AE15,AE15,GND,0.14935,0.0632,False,False,AE15
IC100,AE23,AE23,TPO_DATA[0],0.15415,0.0632,False,True,AE23
IC100,AE25,AE25,TPO_SOP,0.15535,0.0632,False,False,AE25
IC100,AE26,AE26,GND,0.15595,0.0632,False,False,AE26
IC100,AE27,AE27,GND,0.15655,0.0632,False,False,AE27
IC100,AE28,AE28,GND,0.15715,0.0632,False,False,AE28
IC100,AE29,AE29,EMMC_CMD,0.15785,0.0632,False,True,AE29
IC100,AE3,AE3,HDMI2.1_3_D1_-_IM90,0.14205,0.0632,False,False,AE3
IC100,AE30,AE30,EMMC_RST,0.15835,0.0632,False,True,AE30
IC100,AE4,AE4,GND,0.14275,0.0632,False,False,AE4
IC100,AE5,AE5,GND,0.14335,0.0632,False,False,AE5
IC100,AE7,AE7,GND,0.14455,0.0632,False,False,AE7
IC100,AE9,AE9,GND,0.14575,0.0632,False,False,AE9
IC100,AF1,AF1,HDMI2.1_3_D2_-_IM90,0.14095,0.0626,False,False,AF1
IC100,AF13,AF13,+D1V0,0.14815,0.0626,True,False,AF13
IC100,AF14,AF14,+D1V0,0.14875,0.0626,True,False,AF14
IC100,AF2,AF2,GND,0.14155,0.0626,False,False,AF2
IC100,AF29,AF29,CAM_CD2_N_SC_CMD_VCC,0.15785,0.0626,False,True,AF29
IC100,AF3,AF3,HDMI2.1_3_D1_+_IM90,0.14205,0.0626,False,False,AF3
IC100,AF30,AF30,GND,0.15835,0.0626,False,False,AF30
IC100,AF31,AF31,EMMC_CLK,0.15895,0.0626,False,True,AF31
IC100,AF4,AF4,GND,0.14275,0.0626,False,False,AF4
IC100,AF5,AF5,FE_DEMOD1_TS_DATA[5],0.14335,0.0626,False,True,AF5
IC100,AF6,AF6,FE_DEMOD1_TS_DATA[6],0.14395,0.0626,False,True,AF6
IC100,AF7,AF7,FE_DEMOD1_TS_DATA[4],0.14455,0.0626,False,True,AF7
IC100,AF8,AF8,FE_DEMOD1_TS_DATA[3],0.14515,0.0626,False,True,AF8
IC100,AF9,AF9,FE_DEMOD1_TS_DATA[2],0.14575,0.0626,False,True,AF9
IC100,AG1,AG1,HDMI2.1_3_D2_+_IM90,0.14095,0.062,False,False,AG1
IC100,AG23,AG23,GND,0.15415,0.062,False,False,AG23
IC100,AG24,AG24,TPI_DATA[7],0.15475,0.062,False,True,AG24
IC100,AG25,AG25,TPI_DATA[6],0.15535,0.062,False,True,AG25
IC100,AG26,AG26,TPI_DATA[5],0.15595,0.062,False,True,AG26
IC100,AG27,AG27,TPI_DATA[4],0.15655,0.062,False,True,AG27
IC100,AG28,AG28,TPI_DATA[3],0.15715,0.062,False,True,AG28
IC100,AG29,AG29,EB_DATA[1],0.15785,0.062,False,True,AG29
IC100,AG3,AG3,GND,0.14205,0.062,False,False,AG3
IC100,AG30,AG30,EB_DATA[2],0.15835,0.062,False,True,AG30
IC100,AH1,AH1,HDMI2.1_2_CK_-_IM90,0.14095,0.0614,False,False,AH1
IC100,AH2,AH2,GND,0.14155,0.0614,False,False,AH2
IC100,AH29,AH29,EB_ADDR[1],0.15785,0.0614,False,True,AH29
IC100,AH3,AH3,GND,0.14205,0.0614,False,False,AH3
IC100,AH30,AH30,EB_ADDR[0],0.15835,0.0614,False,True,AH30
IC100,AH31,AH31,EB_DATA[0],0.15895,0.0614,False,True,AH31
IC100,AH4,AH4,GND,0.14275,0.0614,False,False,AH4
IC100,AH5,AH5,FE_DEMOD1_TS_DATA[1],0.14335,0.0614,False,True,AH5
IC100,AH6,AH6,FE_DEMOD1_TS_DATA[0],0.14395,0.0614,False,True,AH6
IC100,AH7,AH7,I2C_SDA_2,0.14455,0.0614,False,True,AH7
IC100,AH8,AH8,I2C_SCL_2,0.14515,0.0614,False,True,AH8
IC100,AH9,AH9,ZUKEN_DUMMY,0.14575,0.0614,False,False,AH9
IC100,AJ1,AJ1,HDMI2.1_2_CK_+_IM90,0.14095,0.0608,False,False,AJ1
IC100,AJ11,AJ11,+CPU_1V0,0.14695,0.0608,True,False,AJ11
IC100,AJ15,AJ15,COMBO_RESET,0.14935,0.0608,False,False,AJ15
IC100,AJ16,AJ16,+D1V8,0.14995,0.0608,True,False,AJ16
IC100,AJ18,AJ18,IR_BLASTER_DET,0.15115,0.0608,False,True,AJ18
IC100,AJ2,AJ2,GND,0.14155,0.0608,False,False,AJ2
IC100,AJ20,AJ20,PANEL_CTL,0.15235,0.0608,False,False,AJ20
IC100,AJ22,AJ22,POR_PERIOD,0.15355,0.0608,False,False,AJ22
IC100,AJ23,AJ23,KEY2,0.15415,0.0608,False,False,AJ23
IC100,AJ25,AJ25,GND,0.15535,0.0608,False,False,AJ25
IC100,AJ27,AJ27,DISCHARGE_CTR,0.15655,0.0608,False,False,AJ27
IC100,AJ29,AJ29,CAM_REG_N,0.15785,0.0608,False,False,AJ29
IC100,AJ3,AJ3,HDMI2.1_2_D0_-_IM90,0.14205,0.0608,False,False,AJ3
IC100,AJ30,AJ30,EB_ADDR[2],0.15835,0.0608,False,True,AJ30
IC100,AK11,AK11,LED,0.14695,0.0602,False,False,AK11
IC100,AK16,AK16,LED_D_FB_PWM,0.14995,0.0602,False,True,AK16
IC100,AK18,AK18,EEPROM_WP,0.15115,0.0602,False,False,AK18
IC100,AK23,AK23,SIGN001668,0.15415,0.0602,False,True,AK23
IC100,AK25,AK25,POWER_ON_OFF2_4,0.15535,0.0602,True,False,AK25
IC100,AK27,AK27,MODE_SELECT_PWM1,0.15655,0.0602,False,True,AK27
IC100,AK29,AK29,CAM_WAIT_N,0.15785,0.0602,False,False,AK29
IC100,AK3,AK3,HDMI2.1_2_D0_+_IM90,0.14205,0.0602,False,False,AK3
IC100,AK30,AK30,EB_ADDR[4],0.15835,0.0602,False,True,AK30
IC100,AK31,AK31,EB_ADDR[3],0.15895,0.0602,False,True,AK31
IC100,AK4,AK4,GND,0.14275,0.0602,False,False,AK4
IC100,AK5,AK5,GND,0.14335,0.0602,False,False,AK5
IC100,AK6,AK6,GND,0.14395,0.0602,False,False,AK6
IC100,AK7,AK7,HDMI_DET3,0.14455,0.0602,False,True,AK7
IC100,AK8,AK8,HDMI_DET4,0.14515,0.0602,False,True,AK8
IC100,AK9,AK9,CVBS_DET,0.14575,0.0602,False,True,AK9
IC100,AL11,AL11,AMP_MUTE,0.14695,0.0596,False,False,AL11
IC100,AL13,AL13,BT_WAKEUP_HOST,0.14815,0.0596,False,False,AL13
IC100,AL15,AL15,WIFI_EN,0.14935,0.0596,False,False,AL15
IC100,AL16,AL16,WOV_RLON,0.14995,0.0596,False,False,AL16
IC100,AL18,AL18,I2C_SCL_5,0.15115,0.0596,False,True,AL18
IC100,AL20,AL20,UEI_IR_TX,0.15235,0.0596,False,True,AL20
IC100,AL22,AL22,HDMI_DET2,0.15355,0.0596,False,True,AL22
IC100,AL23,AL23,GND,0.15415,0.0596,False,False,AL23
IC100,AL25,AL25,POWER_ON_OFF2_3,0.15535,0.0596,True,False,AL25
IC100,AL27,AL27,INV_CTL,0.15655,0.0596,False,False,AL27
IC100,AL29,AL29,PCM_RESET,0.15785,0.0596,False,False,AL29
IC100,AL3,AL3,GND,0.14205,0.0596,False,False,AL3
IC100,AL30,AL30,EB_ADDR[5],0.15835,0.0596,False,True,AL30
IC100,AL4,AL4,GND,0.14275,0.0596,False,False,AL4
IC100,AM11,AM11,I2C_SDA_0,0.14695,0.059,False,True,AM11
IC100,AM13,AM13,GND,0.14815,0.059,False,False,AM13
IC100,AM16,AM16,IR,0.14995,0.059,False,False,AM16
IC100,AM18,AM18,I2C_SDA_5,0.15115,0.059,False,True,AM18
IC100,AM20,AM20,GND,0.15235,0.059,False,False,AM20
IC100,AM23,AM23,SIGN001575,0.15415,0.059,False,True,AM23
IC100,AM25,AM25,POWER_ON_OFF1,0.15535,0.059,True,False,AM25
IC100,AM27,AM27,LED_RGB,0.15655,0.059,False,False,AM27
IC100,AM29,AM29,EB_ADDR[12],0.15785,0.059,False,True,AM29
IC100,AM3,AM3,HDMI2.1_2_D1_-_IM90,0.14205,0.059,False,False,AM3
IC100,AM30,AM30,EB_ADDR[7],0.15835,0.059,False,True,AM30
IC100,AM31,AM31,EB_ADDR[6],0.15895,0.059,False,True,AM31
IC100,AM4,AM4,GND,0.14275,0.059,False,False,AM4
IC100,AM5,AM5,ZUKEN_DUMMY,0.14335,0.059,False,False,AM5
IC100,AM6,AM6,HDMI2.1_3_HPD,0.14395,0.059,False,False,AM6
IC100,AM7,AM7,HDMI2.1_3_5V_DET,0.14455,0.059,False,True,AM7
IC100,AM8,AM8,DDC_SDA_3,0.14515,0.059,False,True,AM8
IC100,AM9,AM9,DDC_SCL_3,0.14575,0.059,False,True,AM9
IC100,AN1,AN1,HDMI2.1_2_D2_-_IM90,0.14095,0.0584,False,False,AN1
IC100,AN11,AN11,I2C_SCL_0,0.14695,0.0584,False,True,AN11
IC100,AN13,AN13,GND,0.14815,0.0584,False,False,AN13
IC100,AN15,AN15,WOL_WIFI_POWER_ON,0.14935,0.0584,True,False,AN15
IC100,AN16,AN16,MIC_DATA_SOC,0.14995,0.0584,False,True,AN16
IC100,AN18,AN18,HP_MUTE,0.15115,0.0584,False,False,AN18
IC100,AN2,AN2,GND,0.14155,0.0584,False,False,AN2
IC100,AN20,AN20,GND,0.15235,0.0584,False,False,AN20
IC100,AN22,AN22,HDMI_DET1,0.15355,0.0584,False,True,AN22
IC100,AN23,AN23,SOC_TX,0.15415,0.0584,False,True,AN23
IC100,AN25,AN25,LSDAC,0.15535,0.0584,False,True,AN25
IC100,AN27,AN27,RL_ON_SOC,0.15655,0.0584,False,False,AN27
IC100,AN29,AN29,EB_WE_N,0.15785,0.0584,False,True,AN29
IC100,AN3,AN3,HDMI2.1_2_D1_+_IM90,0.14205,0.0584,False,False,AN3
IC100,AN30,AN30,CAM_IREQ_N,0.15835,0.0584,False,False,AN30
IC100,AP1,AP1,HDMI2.1_2_D2_+_IM90,0.14095,0.0578,False,False,AP1
IC100,AP11,AP11,GND,0.14695,0.0578,False,False,AP11
IC100,AP13,AP13,GND,0.14815,0.0578,False,False,AP13
IC100,AP14,AP14,GND,0.14875,0.0578,False,False,AP14
IC100,AP15,AP15,GND,0.14935,0.0578,False,False,AP15
IC100,AP16,AP16,GND,0.14995,0.0578,False,False,AP16
IC100,AP17,AP17,GND,0.15055,0.0578,False,False,AP17
IC100,AP18,AP18,GND,0.15115,0.0578,False,False,AP18
IC100,AP20,AP20,GND,0.15235,0.0578,False,False,AP20
IC100,AP21,AP21,GND,0.15295,0.0578,False,False,AP21
IC100,AP22,AP22,GND,0.15355,0.0578,False,False,AP22
IC100,AP23,AP23,SOC_RX,0.15415,0.0578,False,True,AP23
IC100,AP25,AP25,GND,0.15535,0.0578,False,False,AP25
IC100,AP27,AP27,POWER_DET,0.15655,0.0578,False,True,AP27
IC100,AP29,AP29,EB_ADDR[8],0.15785,0.0578,False,True,AP29
IC100,AP3,AP3,GND,0.14205,0.0578,False,False,AP3
IC100,AP30,AP30,EB_ADDR[13],0.15835,0.0578,False,True,AP30
IC100,AP31,AP31,EB_ADDR[14],0.15895,0.0578,False,True,AP31
IC100,AP4,AP4,GND,0.14275,0.0578,False,False,AP4
IC100,AP5,AP5,GND,0.14335,0.0578,False,False,AP5
IC100,AP6,AP6,GND,0.14395,0.0578,False,False,AP6
IC100,AP7,AP7,GND,0.14455,0.0578,False,False,AP7
IC100,AP8,AP8,GND,0.14515,0.0578,False,False,AP8
IC100,AP9,AP9,GND,0.14575,0.0578,False,False,AP9
IC100,AR10,AR10,GND,0.14635,0.0571,False,False,AR10
IC100,AR11,AR11,GND,0.14695,0.0571,False,False,AR11
IC100,AR12,AR12,HDMI2.0_4_D0_-_IM90,0.14755,0.0571,False,False,AR12
IC100,AR13,AR13,HDMI2.0_4_D0_+_IM90,0.14815,0.0571,False,False,AR13
IC100,AR14,AR14,GND,0.14875,0.0571,False,False,AR14
IC100,AR15,AR15,HDMI2.0_4_D1_-_IM90,0.14935,0.0571,False,False,AR15
IC100,AR16,AR16,HDMI2.0_4_D1_+_IM90,0.14995,0.0571,False,False,AR16
IC100,AR17,AR17,GND,0.15055,0.0571,False,False,AR17
IC100,AR18,AR18,GND,0.15115,0.0571,False,False,AR18
IC100,AR19,AR19,HDMI2.0_1_HPD,0.15175,0.0571,False,False,AR19
IC100,AR2,AR2,USB2.0_1_DM_IM90,0.14155,0.0571,False,False,AR2
IC100,AR20,AR20,DDC_SDA_1,0.15235,0.0571,False,True,AR20
IC100,AR21,AR21,HDMI2.1_2_5V_DET,0.15295,0.0571,False,True,AR21
IC100,AR22,AR22,DDC_SCL_2,0.15355,0.0571,False,True,AR22
IC100,AR25,AR25,EB_DATA[3],0.15535,0.0571,False,True,AR25
IC100,AR26,AR26,EB_DATA[5],0.15595,0.0571,False,True,AR26
IC100,AR27,AR27,_PCM_CE1,0.15655,0.0571,False,False,AR27
IC100,AR28,AR28,EB_OE_N,0.15715,0.0571,False,True,AR28
IC100,AR30,AR30,EB_ADDR[11],0.15835,0.0571,False,True,AR30
IC100,AR4,AR4,GND,0.14275,0.0571,False,False,AR4
IC100,AR5,AR5,HDMI2.0_1_D0_-_IM90,0.14335,0.0571,False,False,AR5
IC100,AR6,AR6,HDMI2.0_1_D0_+_IM90,0.14395,0.0571,False,False,AR6
IC100,AR7,AR7,GND,0.14455,0.0571,False,False,AR7
IC100,AR8,AR8,HDMI2.0_1_D1_-_IM90,0.14515,0.0571,False,False,AR8
IC100,AR9,AR9,HDMI2.0_1_D1_+_IM90,0.14575,0.0571,False,False,AR9
IC100,AT1,AT1,USB2.0_1_DP_IM90,0.14095,0.0566,False,False,AT1
IC100,AT11,AT11,GND,0.14695,0.0566,False,False,AT11
IC100,AT12,AT12,GND,0.14755,0.0566,False,False,AT12
IC100,AT16,AT16,GND,0.14995,0.0566,False,False,AT16
IC100,AT18,AT18,GND,0.15115,0.0566,False,False,AT18
IC100,AT19,AT19,GND,0.15175,0.0566,False,False,AT19
IC100,AT20,AT20,HDMI2.0_1_5V_DET,0.15235,0.0566,False,True,AT20
IC100,AT21,AT21,HDMI2.1_2_HPD,0.15295,0.0566,False,False,AT21
IC100,AT22,AT22,DDC_SDA_2,0.15355,0.0566,False,True,AT22
IC100,AT23,AT23,HW_CEC,0.15415,0.0566,False,False,AT23
IC100,AT25,AT25,CAM_CD1_N,0.15535,0.0566,False,False,AT25
IC100,AT26,AT26,EB_DATA[4],0.15595,0.0566,False,True,AT26
IC100,AT27,AT27,EB_DATA[7],0.15655,0.0566,False,True,AT27
IC100,AT28,AT28,EB_ADDR[10],0.15715,0.0566,False,True,AT28
IC100,AT29,AT29,EB_BE_N1,0.15785,0.0566,False,True,AT29
IC100,AT3,AT3,EARC_P_SOC_IM100,0.14205,0.0566,False,False,AT3
IC100,AT31,AT31,EB_ADDR[9],0.15895,0.0566,False,True,AT31
IC100,AT4,AT4,GND,0.14275,0.0566,False,False,AT4
IC100,AT5,AT5,GND,0.14335,0.0566,False,False,AT5
IC100,AT9,AT9,GND,0.14575,0.0566,False,False,AT9
IC100,AU10,AU10,HDMI2.0_1_D2_+_IM90,0.14635,0.056,False,False,AU10
IC100,AU11,AU11,HDMI2.0_4_CK_-_IM90,0.14695,0.056,False,False,AU11
IC100,AU12,AU12,HDMI2.0_4_CK_+_IM90,0.14755,0.056,False,False,AU12
IC100,AU16,AU16,HDMI2.0_4_D2_-_IM90,0.14995,0.056,False,False,AU16
IC100,AU17,AU17,HDMI2.0_4_D2_+_IM90,0.15055,0.056,False,False,AU17
IC100,AU18,AU18,GND,0.15115,0.056,False,False,AU18
IC100,AU19,AU19,SIGN006323,0.15175,0.056,False,True,AU19
IC100,AU2,AU2,EARC_N_SOC_IM100,0.14155,0.056,False,False,AU2
IC100,AU21,AU21,DDC_SCL_1,0.15295,0.056,False,True,AU21
IC100,AU25,AU25,GND,0.15535,0.056,False,False,AU25
IC100,AU27,AU27,EB_DATA[6],0.15655,0.056,False,True,AU27
IC100,AU30,AU30,EB_BE_N0,0.15835,0.056,False,True,AU30
IC100,AU4,AU4,HDMI2.0_1_CK_-_IM90,0.14275,0.056,False,False,AU4
IC100,AU5,AU5,HDMI2.0_1_CK_+_IM90,0.14335,0.056,False,False,AU5
IC100,AU9,AU9,HDMI2.0_1_D2_-_IM90,0.14575,0.056,False,False,AU9
IC100,B1,B1,EPHY_TD_P_IM100,0.14095,0.077,False,False,B1
IC100,B10,B10,TX_N_1_IM100,0.14635,0.077,False,True,B10
IC100,B11,B11,TX_N_2_IM100,0.14695,0.077,False,True,B11
IC100,B12,B12,GND,0.14755,0.077,False,False,B12
IC100,B13,B13,GND,0.14815,0.077,False,False,B13
IC100,B14,B14,TX_P_4_IM100,0.14875,0.077,False,True,B14
IC100,B15,B15,TX_P_5_IM100,0.14935,0.077,False,True,B15
IC100,B16,B16,TX_N_6_IM100,0.14995,0.077,False,True,B16
IC100,B17,B17,TX_N_7_IM100,0.15055,0.077,False,True,B17
IC100,B18,B18,GND,0.15115,0.077,False,False,B18
IC100,B19,B19,GND,0.15175,0.077,False,False,B19
IC100,B20,B20,TX_P_9_IM100,0.15235,0.077,False,True,B20
IC100,B21,B21,TX_P_10_IM100,0.15295,0.077,False,True,B21
IC100,B22,B22,TX_N_11_IM100,0.15355,0.077,False,True,B22
IC100,B23,B23,TX_N_12_IM100,0.15415,0.077,False,True,B23
IC100,B24,B24,GND,0.15475,0.077,False,False,B24
IC100,B25,B25,GND,0.15535,0.077,False,False,B25
IC100,B26,B26,TX_P_14_IM100,0.15595,0.077,False,True,B26
IC100,B27,B27,TX_P_15_IM100,0.15655,0.077,False,True,B27
IC100,B28,B28,SIGN003116,0.15715,0.077,False,True,B28
IC100,B3,B3,_PQ_BYPASS_DISABLE,0.14205,0.077,False,False,B3
IC100,B4,B4,SIGN001633,0.14275,0.077,False,True,B4
IC100,B5,B5,I2S_AMP,0.14335,0.077,False,False,B5
IC100,B6,B6,I2C_SDA_3,0.14395,0.077,False,True,B6
IC100,B7,B7,EPI_FCIC_CS,0.14455,0.077,False,False,B7
IC100,B8,B8,EPI_FCIC_MOSI,0.14515,0.077,False,True,B8
IC100,B9,B9,TX_P_0_IM100,0.14575,0.077,False,True,B9
IC100,C10,C10,GND,0.14635,0.0765,False,False,C10
IC100,C11,C11,GND,0.14695,0.0765,False,False,C11
IC100,C12,C12,TX_P_2_IM100,0.14755,0.0765,False,True,C12
IC100,C13,C13,TX_P_3_IM100,0.14815,0.0765,False,True,C13
IC100,C14,C14,TX_N_4_IM100,0.14875,0.0765,False,True,C14
IC100,C15,C15,TX_N_5_IM100,0.14935,0.0765,False,True,C15
IC100,C16,C16,GND,0.14995,0.0765,False,False,C16
IC100,C17,C17,GND,0.15055,0.0765,False,False,C17
IC100,C18,C18,TX_P_7_IM100,0.15115,0.0765,False,True,C18
IC100,C19,C19,TX_P_8_IM100,0.15175,0.0765,False,True,C19
IC100,C2,C2,EPHY_RD_N_IM100,0.14155,0.0765,False,False,C2
IC100,C20,C20,TX_N_9_IM100,0.15235,0.0765,False,True,C20
IC100,C21,C21,TX_N_10_IM100,0.15295,0.0765,False,True,C21
IC100,C22,C22,GND,0.15355,0.0765,False,False,C22
IC100,C23,C23,GND,0.15415,0.0765,False,False,C23
IC100,C24,C24,TX_P_12_IM100,0.15475,0.0765,False,True,C24
IC100,C25,C25,TX_P_13_IM100,0.15535,0.0765,False,True,C25
IC100,C26,C26,TX_N_14_IM100,0.15595,0.0765,False,True,C26
IC100,C27,C27,TX_N_15_IM100,0.15655,0.0765,False,True,C27
IC100,C30,C30,+VREF_SOC,0.15835,0.0765,False,False,C30
IC100,C4,C4,SIGN001630,0.14275,0.0765,False,True,C4
IC100,C5,C5,SIGN001666,0.14335,0.0765,False,True,C5
IC100,C6,C6,I2C_SCL_3,0.14395,0.0765,False,True,C6
IC100,C7,C7,EPI_FCIC_MISO,0.14455,0.0765,False,True,C7
IC100,C8,C8,EPI_FCIC_CLK,0.14515,0.0765,False,True,C8
IC100,C9,C9,TX_N_0_IM100,0.14575,0.0765,False,True,C9
IC100,D2,D2,GND,0.14155,0.0758,False,False,D2
IC100,D22,D22,GND,0.15355,0.0758,False,False,D22
IC100,D25,D25,GND,0.15535,0.0758,False,False,D25
IC100,D26,D26,GND,0.15595,0.0758,False,False,D26
IC100,D27,D27,GND,0.15655,0.0758,False,False,D27
IC100,D3,D3,EPHY_RD_P_IM100,0.14205,0.0758,False,False,D3
IC100,E1,E1,WIFI_USB2.0_DM_IM90,0.14095,0.0752,False,False,E1
IC100,E10,E10,EPI_EO,0.14635,0.0752,False,False,E10
IC100,E2,E2,USB2.0_2_DP_IM90,0.14155,0.0752,False,False,E2
IC100,E3,E3,USB2.0_2_DM_IM90,0.14205,0.0752,False,False,E3
IC100,E4,E4,EPI_GCLK,0.14275,0.0752,False,True,E4
IC100,E5,E5,EPI_MCLK,0.14335,0.0752,False,True,E5
IC100,E6,E6,TCON_OD_CTL,0.14395,0.0752,False,False,E6
IC100,E7,E7,LNB_PWR_SEL,0.14455,0.0752,True,False,E7
IC100,E8,E8,UART1_RTS,0.14515,0.0752,False,False,E8
IC100,E9,E9,UART1_CTS,0.14575,0.0752,False,False,E9
IC100,F18,F18,GND,0.15115,0.0746,False,False,F18
IC100,F2,F2,GND,0.14155,0.0746,False,False,F2
IC100,F20,F20,GND,0.15235,0.0746,False,False,F20
IC100,F27,F27,SIGN004218,0.15655,0.0746,False,True,F27
IC100,F3,F3,WIFI_USB2.0_DP_IM90,0.14205,0.0746,False,False,F3
IC100,F31,F31,+1.2V_DDR,0.15895,0.0746,True,False,F31
IC100,F5,F5,PWM_DIM1,0.14335,0.0746,False,True,F5
IC100,F7,F7,PWM_DIM2,0.14455,0.0746,False,True,F7
IC100,F9,F9,EPI_VST,0.14575,0.0746,False,False,F9
IC100,G1,G1,ZUKEN_DUMMY,0.14095,0.074,False,False,G1
IC100,G2,G2,SIGN006400,0.14155,0.074,False,True,G2
IC100,G3,G3,SIGN006412,0.14205,0.074,False,True,G3
IC100,G31,G31,+2.5V_DDR4_VPP,0.15895,0.074,True,False,G31
IC100,G4,G4,LOCK_IN,0.14275,0.074,False,True,G4
IC100,G5,G5,GP14,0.14335,0.074,False,False,G5
IC100,G6,G6,UART1_TX,0.14395,0.074,False,True,G6
IC100,G7,G7,UART1_RX,0.14455,0.074,False,True,G7
IC100,G8,G8,L_DIM_M0_VS_OLED_QSM_EN,0.14515,0.074,False,False,G8
IC100,G9,G9,L_DIM_M0_MOSI_1_OLED_DPC_CTL,0.14575,0.074,False,True,G9
IC100,H18,H18,GND,0.15115,0.0734,False,False,H18
IC100,H2,H2,ZUKEN_DUMMY,0.14155,0.0734,False,False,H2
IC100,H27,H27,GND,0.15655,0.0734,False,False,H27
IC100,H3,H3,ZUKEN_DUMMY,0.14205,0.0734,False,False,H3
IC100,H31,H31,GND,0.15895,0.0734,False,False,H31
IC100,J1,J1,SIGN00615,0.14095,0.0728,False,True,J1
IC100,J2,J2,AUDA_OUTL,0.14155,0.0728,False,False,J2
IC100,J26,J26,GND,0.15595,0.0728,False,False,J26
IC100,J28,J28,GND,0.15715,0.0728,False,False,J28
IC100,J29,J29,GND,0.15785,0.0728,False,False,J29
IC100,J3,J3,AUDA_OUTR,0.14205,0.0728,False,False,J3
IC100,J30,J30,GND,0.15835,0.0728,False,False,J30
IC100,J31,J31,GND,0.15895,0.0728,False,False,J31
IC100,J4,J4,GND,0.14275,0.0728,False,False,J4
IC100,J5,J5,GND,0.14335,0.0728,False,False,J5
IC100,J6,J6,GND,0.14395,0.0728,False,False,J6
IC100,J7,J7,L_DIM_M0_SCLK_OLED_TCON_FW,0.14455,0.0728,False,True,J7
IC100,J9,J9,SIGN006504,0.14575,0.0728,False,True,J9
IC100,K13,K13,+D1V0,0.14815,0.0722,True,False,K13
IC100,K14,K14,+D1V0,0.14875,0.0722,True,False,K14
IC100,K16,K16,GND,0.14995,0.0722,False,False,K16
IC100,K2,K2,SIGN006396,0.14155,0.0722,False,True,K2
IC100,K25,K25,GND,0.15535,0.0722,False,False,K25
IC100,K27,K27,GND,0.15655,0.0722,False,False,K27
IC100,K29,K29,GND,0.15785,0.0722,False,False,K29
IC100,K3,K3,SIGN006399,0.14205,0.0722,False,True,K3
IC100,K30,K30,GND,0.15835,0.0722,False,False,K30
IC100,K31,K31,GND,0.15895,0.0722,False,False,K31
IC100,L1,L1,IF_S_IN,0.14095,0.0716,False,False,L1
IC100,L2,L2,IF_S_IP,0.14155,0.0716,False,False,L2
IC100,L24,L24,GND,0.15475,0.0716,False,False,L24
IC100,L26,L26,GND,0.15595,0.0716,False,False,L26
IC100,L28,L28,GND,0.15715,0.0716,False,False,L28
IC100,L29,L29,GND,0.15785,0.0716,False,False,L29
IC100,L3,L3,GND,0.14205,0.0716,False,False,L3
IC100,L30,L30,GND,0.15835,0.0716,False,False,L30
IC100,L31,L31,GND,0.15895,0.0716,False,False,L31
IC100,L5,L5,SIGN006505,0.14335,0.0716,False,True,L5
IC100,L7,L7,SIGN006508,0.14455,0.0716,False,True,L7
IC100,L9,L9,VID_CPU_PWM,0.14575,0.0716,False,True,L9
IC100,M13,M13,+D1V0,0.14815,0.071,True,False,M13
IC100,M14,M14,+D1V0,0.14875,0.071,True,False,M14
IC100,M16,M16,GND,0.14995,0.071,False,False,M16
IC100,M2,M2,IF_S_QN,0.14155,0.071,False,False,M2
IC100,M23,M23,GND,0.15415,0.071,False,False,M23
IC100,M27,M27,GND,0.15655,0.071,False,False,M27
IC100,M29,M29,GND,0.15785,0.071,False,False,M29
IC100,M3,M3,GND,0.14205,0.071,False,False,M3
IC100,M30,M30,GND,0.15835,0.071,False,False,M30
IC100,M31,M31,GND,0.15895,0.071,False,False,M31
IC100,M4,M4,VID_CORE,0.14275,0.071,False,False,M4
IC100,M5,M5,VID_CORE2_PWM,0.14335,0.071,False,True,M5
IC100,M6,M6,USB_CTL1,0.14395,0.071,False,False,M6
IC100,M8,M8,SPDIF_OUT,0.14515,0.071,False,False,M8
IC100,M9,M9,GND,0.14575,0.071,False,False,M9
IC100,N1,N1,IF_P,0.14095,0.0704,False,False,N1
IC100,N2,N2,GND,0.14155,0.0704,False,False,N2
IC100,N22,N22,GND,0.15355,0.0704,False,False,N22
IC100,N27,N27,GND,0.15655,0.0704,False,False,N27
IC100,N28,N28,GND,0.15715,0.0704,False,False,N28
IC100,N29,N29,GND,0.15785,0.0704,False,False,N29
IC100,N3,N3,IF_S_QP,0.14205,0.0704,False,False,N3
IC100,N30,N30,GND,0.15835,0.0704,False,False,N30
IC100,N31,N31,GND,0.15895,0.0704,False,False,N31
IC100,P13,P13,+D1V0,0.14815,0.0698,True,False,P13
IC100,P14,P14,+D1V0,0.14875,0.0698,True,False,P14
IC100,P16,P16,GND,0.14995,0.0698,False,False,P16
IC100,P2,P2,GND,0.14155,0.0698,False,False,P2
IC100,P27,P27,GND,0.15655,0.0698,False,False,P27
IC100,P29,P29,GND,0.15785,0.0698,False,False,P29
IC100,P3,P3,IF_N,0.14205,0.0698,False,False,P3
IC100,P30,P30,GND,0.15835,0.0698,False,False,P30
IC100,P31,P31,GND,0.15895,0.0698,False,False,P31
IC100,P4,P4,_USB_OCD1,0.14275,0.0698,False,False,P4
IC100,P5,P5,AMP_RESET_N,0.14335,0.0698,False,False,P5
IC100,P6,P6,EYE_SCL,0.14395,0.0698,False,True,P6
IC100,P7,P7,EYE_SDA,0.14455,0.0698,False,True,P7
IC100,P8,P8,FE_DEMOD2_TS_SYNC,0.14515,0.0698,False,False,P8
IC100,P9,P9,FE_DEMOD2_TS_CLK,0.14575,0.0698,False,True,P9
IC100,R1,R1,IF_S_AGC,0.14095,0.0692,False,False,R1
IC100,R2,R2,GND,0.14155,0.0692,False,False,R2
IC100,R22,R22,GND,0.15355,0.0692,False,False,R22
IC100,R28,R28,GND,0.15715,0.0692,False,False,R28
IC100,R29,R29,GND,0.15785,0.0692,False,False,R29
IC100,R3,R3,IF_AGC,0.14205,0.0692,False,False,R3
IC100,R30,R30,GND,0.15835,0.0692,False,False,R30
IC100,R31,R31,GND,0.15895,0.0692,False,False,R31
IC100,T2,T2,SIF,0.14155,0.0686,False,False,T2
IC100,T29,T29,GND,0.15785,0.0686,False,False,T29
IC100,T3,T3,GND,0.14205,0.0686,False,False,T3
IC100,T30,T30,SIGN004224,0.15835,0.0686,False,True,T30
IC100,T4,T4,GND,0.14275,0.0686,False,False,T4
IC100,T5,T5,GND,0.14335,0.0686,False,False,T5
IC100,T6,T6,GND,0.14395,0.0686,False,False,T6
IC100,T7,T7,FE_DEMOD2_TS_DATA,0.14455,0.0686,False,True,T7
IC100,T9,T9,FE_DEMOD2_TS_VAL,0.14575,0.0686,False,False,T9
IC100,U1,U1,XIN_MAIN,0.14095,0.068,False,False,U1
IC100,U2,U2,XOUT_MAIN,0.14155,0.068,False,False,U2
IC100,U27,U27,GND,0.15655,0.068,False,False,U27
IC100,U28,U28,GND,0.15715,0.068,False,False,U28
IC100,U29,U29,SIGN00439,0.15785,0.068,False,True,U29
IC100,U3,U3,GND,0.14205,0.068,False,False,U3
IC100,U30,U30,SIGN00440,0.15835,0.068,False,True,U30
IC100,U31,U31,SIGN00441,0.15895,0.068,False,True,U31
IC100,V12,V12,+D1V0,0.14755,0.0674,True,False,V12
IC100,V2,V2,GND,0.14155,0.0674,False,False,V2
IC100,V25,V25,GND,0.15535,0.0674,False,False,V25
IC100,V26,V26,GND,0.15595,0.0674,False,False,V26
IC100,V28,V28,GND,0.15715,0.0674,False,False,V28
IC100,V3,V3,GND,0.14205,0.0674,False,False,V3
IC100,V5,V5,GND,0.14335,0.0674,False,False,V5
IC100,V7,V7,GND,0.14455,0.0674,False,False,V7
IC100,V9,V9,GND,0.14575,0.0674,False,False,V9
IC100,W1,W1,HDMI2.0_4_5V_DET,0.14095,0.0668,False,True,W1
IC100,W13,W13,+D1V0,0.14815,0.0668,True,False,W13
IC100,W2,W2,HDMI2.0_4_HPD,0.14155,0.0668,False,False,W2
IC100,W29,W29,_USB_OCD2,0.15785,0.0668,False,False,W29
IC100,W3,W3,GND,0.14205,0.0668,False,False,W3
IC100,W30,W30,USB_CTL2,0.15835,0.0668,False,False,W30
IC100,W4,W4,_TU_RESET1,0.14275,0.0668,False,False,W4
IC100,W5,W5,SIGN001565,0.14335,0.0668,False,True,W5
IC100,W6,W6,HP_DET,0.14395,0.0668,False,True,W6
IC100,W7,W7,_TU_RESET2,0.14455,0.0668,False,False,W7
IC100,W8,W8,I2C_SCL_1,0.14515,0.0668,False,True,W8
IC100,W9,W9,I2C_SDA_1,0.14575,0.0668,False,True,W9
IC100,Y12,Y12,+D1V0,0.14755,0.0662,True,False,Y12
IC100,Y2,Y2,DDC_SCL_4,0.14155,0.0662,False,True,Y2
IC100,Y23,Y23,SIGN001560,0.15415,0.0662,False,True,Y23
IC100,Y24,Y24,TPI_DATA[2],0.15475,0.0662,False,True,Y24
IC100,Y25,Y25,TPI_DATA[0],0.15535,0.0662,False,True,Y25
IC100,Y26,Y26,TPI_SOP,0.15595,0.0662,False,False,Y26
IC100,Y27,Y27,TPI_VAL,0.15655,0.0662,False,False,Y27
IC100,Y28,Y28,TPI_CLK,0.15715,0.0662,False,True,Y28
IC100,Y29,Y29,EMMC_DATA[6],0.15785,0.0662,False,True,Y29
IC100,Y3,Y3,DDC_SDA_4,0.14205,0.0662,False,True,Y3
IC100,Y31,Y31,PCM_5V_SC_PWR_SEL,0.15895,0.0662,True,False,Y31
