Designator,UI_Pin,EDB_Pin,UI_Net,EDB_Net,Net_Match,Method,Confidence
IC100,A10,A10,TX_P_1_IM100,TX_P_1_IM100,True,pin_exact,0.99
IC100,A12,A12,TX_N_3_IM100,TX_N_3_IM100,True,pin_exact,0.99
IC100,A14,A14,GND,GND,True,pin_exact,0.99
IC100,A16,A16,TX_P_6_IM100,TX_P_6_IM100,True,pin_exact,0.99
IC100,A18,A18,TX_N_8_IM100,TX_N_8_IM100,True,pin_exact,0.99
IC100,A2,A2,EPHY_TD_N_IM100,EPHY_TD_N_IM100,True,pin_exact,0.99
IC100,A20,A20,GND,GND,True,pin_exact,0.99
IC100,A22,A22,TX_P_11_IM100,TX_P_11_IM100,True,pin_exact,0.99
IC100,A24,A24,TX_N_13_IM100,TX_N_13_IM100,True,pin_exact,0.99
IC100,A26,A26,GND,GND,True,pin_exact,0.99
IC100,A28,B28,SIGN003116,SIGN003116,True,coord_net,0.8
IC100,A30,R31,GND,GND,True,coord_net,0.8
IC100,A4,A4,POWER_ON/OFF_REOTP,POWER_ON_OFF_REOTP,True,pin_exact,0.99
IC100,A6,A6,HTPDAn,HTPDAn,True,pin_exact,0.99
IC100,A8,A8,GND,GND,True,pin_exact,0.99
IC100,AA1,AA1,HDMI2.1_3_CK_-_IM90,HDMI2.1_3_CK_-_IM90,True,pin_exact,0.99
IC100,AA10,AA10,+CPU_1V0,+CPU_1V0,True,pin_exact,0.99
IC100,AA13,AA13,+D1V0,+D1V0,True,pin_exact,0.99
IC100,AA14,AA14,GND,GND,True,pin_exact,0.99
IC100,AA15,AA15,+CPU_1V0,+CPU_1V0,True,pin_exact,0.99
IC100,AA17,AA17,+CPU_1V0,+CPU_1V0,True,pin_exact,0.99
IC100,AA18,P31,GND,GND,True,coord_net,0.8
IC100,AA20,AA20,GND,GND,True,pin_exact,0.99
IC100,AA29,AA29,EMMC_DATA[2],EMMC_DATA[2],True,pin_exact,0.99
IC100,AA3,AA3,GND,GND,True,pin_exact,0.99
IC100,AA30,AA30,EMMC_DATA[7],EMMC_DATA[7],True,pin_exact,0.99
IC100,AA4,AA4,GND,GND,True,pin_exact,0.99
IC100,AA5,AA5,SIGN001618,SIGN001618,True,pin_exact,0.99
IC100,AA6,AA6,GND,GND,True,pin_exact,0.99
IC100,AA7,AA7,FE_DEMOD1_TS_VAL,FE_DEMOD1_TS_VAL,True,pin_exact,0.99
IC100,AA8,AA8,FE_DEMOD1_TS_SYNC,FE_DEMOD1_TS_SYNC,True,pin_exact,0.99
IC100,AA9,AA9,FE_DEMOD1_TS_DATA[7],FE_DEMOD1_TS_DATA[7],True,pin_exact,0.99
IC100,AB1,AB1,HDMI2.1_3_CK_+_IM90,HDMI2.1_3_CK_+_IM90,True,pin_exact,0.99
IC100,AB12,AB12,+D1V0,+D1V0,True,pin_exact,0.99
IC100,AB14,AB14,GND,GND,True,pin_exact,0.99
IC100,AB15,AB15,+CPU_1V0,+CPU_1V0,True,pin_exact,0.99
IC100,AB17,AB17,+CPU_1V0,+CPU_1V0,True,pin_exact,0.99
IC100,AB18,AB18,GND,GND,True,pin_exact,0.99
IC100,AB2,AB2,GND,GND,True,pin_exact,0.99
IC100,AB23,AB23,TPO_DATA[7],TPO_DATA[7],True,pin_exact,0.99
IC100,AB24,AB24,TPO_DATA[6],TPO_DATA[6],True,pin_exact,0.99
IC100,AB25,AB25,TPO_CLK,TPO_CLK,True,pin_exact,0.99
IC100,AB26,AB26,TPO_DATA[4],TPO_DATA[4],True,pin_exact,0.99
IC100,AB27,AB27,TPO_VAL,TPO_VAL,True,pin_exact,0.99
IC100,AB28,AB28,TPO_DATA[5],TPO_DATA[5],True,pin_exact,0.99
IC100,AB29,AB29,EMMC_DATA[0],EMMC_DATA[0],True,pin_exact,0.99
IC100,AB3,AB3,HDMI2.1_3_D0_-_IM90,HDMI2.1_3_D0_-_IM90,True,pin_exact,0.99
IC100,AB30,AB30,GND,GND,True,pin_exact,0.99
IC100,AB31,AB31,EMMC_DATA[1],EMMC_DATA[1],True,pin_exact,0.99
IC100,AB4,AB4,GND,GND,True,pin_exact,0.99
IC100,AC13,AC13,+D1V0,+D1V0,True,pin_exact,0.99
IC100,AC15,AC15,+CPU_1V0,+CPU_1V0,True,pin_exact,0.99
IC100,AC17,AC17,+CPU_1V0,+CPU_1V0,True,pin_exact,0.99
IC100,AC18,AC18,GND,GND,True,pin_exact,0.99
IC100,AC23,AC23,TPO_DATA[3],TPO_DATA[3],True,pin_exact,0.99
IC100,AC25,AC25,TPO_DATA[2],TPO_DATA[2],True,pin_exact,0.99
IC100,AC27,AC27,TPO_DATA[1],TPO_DATA[1],True,pin_exact,0.99
IC100,AC29,AC29,EMMC_DATA[3],EMMC_DATA[3],True,pin_exact,0.99
IC100,AC3,AC3,HDMI2.1_3_D0_+_IM90,HDMI2.1_3_D0_+_IM90,True,pin_exact,0.99
IC100,AC30,AC30,EMMC_DATA[4],EMMC_DATA[4],True,pin_exact,0.99
IC100,AC4,AC4,GND,GND,True,pin_exact,0.99
IC100,AC5,AC5,GND,GND,True,pin_exact,0.99
IC100,AC6,AC6,GND,GND,True,pin_exact,0.99
IC100,AC7,AC7,GND,GND,True,pin_exact,0.99
IC100,AC9,AC9,GND,GND,True,pin_exact,0.99
IC100,AD14,AD14,+D1V0,+D1V0,True,pin_exact,0.99
IC100,AD16,AD16,+CPU_1V0,+CPU_1V0,True,pin_exact,0.99
IC100,AD17,AD17,+CPU_1V0,+CPU_1V0,True,pin_exact,0.99
IC100,AD18,AD18,GND,GND,True,pin_exact,0.99
IC100,AD29,AD29,GND,GND,True,pin_exact,0.99
IC100,AD3,AD3,GND,GND,True,pin_exact,0.99
IC100,AD30,AD30,EMMC_STRB,EMMC_STRB,True,pin_exact,0.99
IC100,AD31,AD31,EMMC_DATA[5],EMMC_DATA[5],True,pin_exact,0.99
IC100,AD4,AD4,GND,GND,True,pin_exact,0.99
IC100,AE12,N31,GND,GND,True,coord_net,0.8
IC100,AE15,AE15,GND,GND,True,pin_exact,0.99
IC100,AE23,AE23,TPO_DATA[0],TPO_DATA[0],True,pin_exact,0.99
IC100,AE25,AE25,TPO_SOP,TPO_SOP,True,pin_exact,0.99
IC100,AE26,AE26,GND,GND,True,pin_exact,0.99
IC100,AE27,AE27,GND,GND,True,pin_exact,0.99
IC100,AE28,AE28,GND,GND,True,pin_exact,0.99
IC100,AE29,AE29,EMMC_CMD,EMMC_CMD,True,pin_exact,0.99
IC100,AE3,AE3,HDMI2.1_3_D1_-_IM90,HDMI2.1_3_D1_-_IM90,True,pin_exact,0.99
IC100,AE30,AE30,EMMC_RST,EMMC_RST,True,pin_exact,0.99
IC100,AE4,AE4,GND,GND,True,pin_exact,0.99
IC100,AE5,AE5,GND,GND,True,pin_exact,0.99
IC100,AE7,AE7,GND,GND,True,pin_exact,0.99
IC100,AE9,AE9,GND,GND,True,pin_exact,0.99
IC100,AF1,AF1,HDMI2.1_3_D2_-_IM90,HDMI2.1_3_D2_-_IM90,True,pin_exact,0.99
IC100,AF11,AJ11,+CPU_1V0,+CPU_1V0,True,coord_net,0.8
IC100,AF13,AF13,+D1V0,+D1V0,True,pin_exact,0.99
IC100,AF14,AF14,+D1V0,+D1V0,True,pin_exact,0.99
IC100,AF2,AF2,GND,GND,True,pin_exact,0.99
IC100,AF29,AF29,CAM_CD2_N_SC_CMD_VCC,CAM_CD2_N_SC_CMD_VCC,True,pin_exact,0.99
IC100,AF3,AF3,HDMI2.1_3_D1_+_IM90,HDMI2.1_3_D1_+_IM90,True,pin_exact,0.99
IC100,AF30,AF30,GND,GND,True,pin_exact,0.99
IC100,AF31,AF31,EMMC_CLK,EMMC_CLK,True,pin_exact,0.99
IC100,AF4,AF4,GND,GND,True,pin_exact,0.99
IC100,AF5,AF5,FE_DEMOD1_TS_DATA[5],FE_DEMOD1_TS_DATA[5],True,pin_exact,0.99
IC100,AF6,AF6,FE_DEMOD1_TS_DATA[6],FE_DEMOD1_TS_DATA[6],True,pin_exact,0.99
IC100,AF7,AF7,FE_DEMOD1_TS_DATA[4],FE_DEMOD1_TS_DATA[4],True,pin_exact,0.99
IC100,AF8,AF8,FE_DEMOD1_TS_DATA[3],FE_DEMOD1_TS_DATA[3],True,pin_exact,0.99
IC100,AF9,AF9,FE_DEMOD1_TS_DATA[2],FE_DEMOD1_TS_DATA[2],True,pin_exact,0.99
IC100,AG1,AG1,HDMI2.1_3_D2_+_IM90,HDMI2.1_3_D2_+_IM90,True,pin_exact,0.99
IC100,AG23,AG23,GND,GND,True,pin_exact,0.99
IC100,AG24,AG24,TPI_DATA[7],TPI_DATA[7],True,pin_exact,0.99
IC100,AG25,AG25,TPI_DATA[6],TPI_DATA[6],True,pin_exact,0.99
IC100,AG26,AG26,TPI_DATA[5],TPI_DATA[5],True,pin_exact,0.99
IC100,AG27,AG27,TPI_DATA[4],TPI_DATA[4],True,pin_exact,0.99
IC100,AG28,AG28,TPI_DATA[3],TPI_DATA[3],True,pin_exact,0.99
IC100,AG29,AG29,EB_DATA[1],EB_DATA[1],True,pin_exact,0.99
IC100,AG3,AG3,GND,GND,True,pin_exact,0.99
IC100,AG30,AG30,EB_DATA[2],EB_DATA[2],True,pin_exact,0.99
IC100,AH1,AH1,HDMI2.1_2_CK_-_IM90,HDMI2.1_2_CK_-_IM90,True,pin_exact,0.99
IC100,AH2,AH2,GND,GND,True,pin_exact,0.99
IC100,AH29,AH29,EB_ADDR[1],EB_ADDR[1],True,pin_exact,0.99
IC100,AH3,AH3,GND,GND,True,pin_exact,0.99
IC100,AH30,AH30,EB_ADDR[0],EB_ADDR[0],True,pin_exact,0.99
IC100,AH31,AH31,EB_DATA[0],EB_DATA[0],True,pin_exact,0.99
IC100,AH4,AH4,GND,GND,True,pin_exact,0.99
IC100,AH5,AH5,FE_DEMOD1_TS_DATA[1],FE_DEMOD1_TS_DATA[1],True,pin_exact,0.99
IC100,AH6,AH6,FE_DEMOD1_TS_DATA[0],FE_DEMOD1_TS_DATA[0],True,pin_exact,0.99
IC100,AH7,AH7,I2C_SDA_2,I2C_SDA_2,True,pin_exact,0.99
IC100,AH8,AH8,I2C_SCL_2,I2C_SCL_2,True,pin_exact,0.99
IC100,AH9,AH9,,ZUKEN_DUMMY,False,pin_exact,0.99
IC100,AJ1,AJ1,HDMI2.1_2_CK_+_IM90,HDMI2.1_2_CK_+_IM90,True,pin_exact,0.99
IC100,AJ11,AT31,+CPU_1V0,EB_ADDR[9],False,coord_only,0.55
IC100,AJ15,AJ15,COMBO_RESET,COMBO_RESET,True,pin_exact,0.99
IC100,AJ16,AJ16,+D1V8,+D1V8,True,pin_exact,0.99
IC100,AJ18,AJ18,IR_BLASTER_DET,IR_BLASTER_DET,True,pin_exact,0.99
IC100,AJ2,AJ2,GND,GND,True,pin_exact,0.99
IC100,AJ20,AJ20,PANEL_CTL,PANEL_CTL,True,pin_exact,0.99
IC100,AJ22,AJ22,POR_PERIOD,POR_PERIOD,True,pin_exact,0.99
IC100,AJ23,AJ23,KEY2,KEY2,True,pin_exact,0.99
IC100,AJ25,AJ25,GND,GND,True,pin_exact,0.99
IC100,AJ27,AJ27,DISCHARGE_CTR,DISCHARGE_CTR,True,pin_exact,0.99
IC100,AJ29,AJ29,CAM_REG_N,CAM_REG_N,True,pin_exact,0.99
IC100,AJ3,AJ3,HDMI2.1_2_D0_-_IM90,HDMI2.1_2_D0_-_IM90,True,pin_exact,0.99
IC100,AJ30,AJ30,EB_ADDR[2],EB_ADDR[2],True,pin_exact,0.99
IC100,AK11,AK11,LED,LED,True,pin_exact,0.99
IC100,AK16,AK16,LED_D_FB_PWM,LED_D_FB_PWM,True,pin_exact,0.99
IC100,AK18,AK18,EEPROM_WP,EEPROM_WP,True,pin_exact,0.99
IC100,AK23,AK23,SIGN001668,SIGN001668,True,pin_exact,0.99
IC100,AK25,AK25,POWER_ON/OFF2_4,POWER_ON_OFF2_4,True,pin_exact,0.99
IC100,AK27,AK27,MODE_SELECT_PWM1,MODE_SELECT_PWM1,True,pin_exact,0.99
IC100,AK29,AK29,CAM_WAIT_N,CAM_WAIT_N,True,pin_exact,0.99
IC100,AK3,AK3,HDMI2.1_2_D0_+_IM90,HDMI2.1_2_D0_+_IM90,True,pin_exact,0.99
IC100,AK30,AK30,EB_ADDR[4],EB_ADDR[4],True,pin_exact,0.99
IC100,AK31,AK31,EB_ADDR[3],EB_ADDR[3],True,pin_exact,0.99
IC100,AK4,AK4,GND,GND,True,pin_exact,0.99
IC100,AK5,AK5,GND,GND,True,pin_exact,0.99
IC100,AK6,AK6,GND,GND,True,pin_exact,0.99
IC100,AK7,AK7,HDMI_DET3,HDMI_DET3,True,pin_exact,0.99
IC100,AK8,AK8,HDMI_DET4,HDMI_DET4,True,pin_exact,0.99
IC100,AK9,AK9,CVBS_DET,CVBS_DET,True,pin_exact,0.99
IC100,AL11,AL11,AMP_MUTE,AMP_MUTE,True,pin_exact,0.99
IC100,AL13,AL13,BT_WAKEUP_HOST,BT_WAKEUP_HOST,True,pin_exact,0.99
IC100,AL15,AL15,WIFI_EN,WIFI_EN,True,pin_exact,0.99
IC100,AL16,AL16,WOV_RLON,WOV_RLON,True,pin_exact,0.99
IC100,AL18,AL18,I2C_SCL_5,I2C_SCL_5,True,pin_exact,0.99
IC100,AL20,AL20,UEI_IR_TX,UEI_IR_TX,True,pin_exact,0.99
IC100,AL22,AL22,HDMI_DET2,HDMI_DET2,True,pin_exact,0.99
IC100,AL23,AL23,GND,GND,True,pin_exact,0.99
IC100,AL25,AL25,POWER_ON/OFF2_3,POWER_ON_OFF2_3,True,pin_exact,0.99
IC100,AL27,AL27,INV_CTL,INV_CTL,True,pin_exact,0.99
IC100,AL29,AL29,PCM_RESET,PCM_RESET,True,pin_exact,0.99
IC100,AL3,AL3,GND,GND,True,pin_exact,0.99
IC100,AL30,AL30,EB_ADDR[5],EB_ADDR[5],True,pin_exact,0.99
IC100,AL4,AL4,GND,GND,True,pin_exact,0.99
IC100,AM11,AM11,I2C_SDA_0,I2C_SDA_0,True,pin_exact,0.99
IC100,AM13,AM13,GND,GND,True,pin_exact,0.99
IC100,AM16,AM16,IR,IR,True,pin_exact,0.99
IC100,AM18,AM18,I2C_SDA_5,I2C_SDA_5,True,pin_exact,0.99
IC100,AM20,AM20,GND,GND,True,pin_exact,0.99
IC100,AM23,AM23,SIGN001575,SIGN001575,True,pin_exact,0.99
IC100,AM25,AM25,POWER_ON/OFF1,POWER_ON_OFF1,True,pin_exact,0.99
IC100,AM27,AM27,LED_RGB,LED_RGB,True,pin_exact,0.99
IC100,AM29,AM29,EB_ADDR[12],EB_ADDR[12],True,pin_exact,0.99
IC100,AM3,AM3,HDMI2.1_2_D1_-_IM90,HDMI2.1_2_D1_-_IM90,True,pin_exact,0.99
IC100,AM30,AM30,EB_ADDR[7],EB_ADDR[7],True,pin_exact,0.99
IC100,AM31,AM31,EB_ADDR[6],EB_ADDR[6],True,pin_exact,0.99
IC100,AM4,AM4,GND,GND,True,pin_exact,0.99
IC100,AM5,AM5,,ZUKEN_DUMMY,False,pin_exact,0.99
IC100,AM6,AM6,HDMI2.1_3_HPD,HDMI2.1_3_HPD,True,pin_exact,0.99
IC100,AM7,AM7,HDMI2.1_3_5V_DET,HDMI2.1_3_5V_DET,True,pin_exact,0.99
IC100,AM8,AM8,DDC_SDA_3,DDC_SDA_3,True,pin_exact,0.99
IC100,AM9,AM9,DDC_SCL_3,DDC_SCL_3,True,pin_exact,0.99
IC100,AN1,AN1,HDMI2.1_2_D2_-_IM90,HDMI2.1_2_D2_-_IM90,True,pin_exact,0.99
IC100,AN11,AN11,I2C_SCL_0,I2C_SCL_0,True,pin_exact,0.99
IC100,AN13,AN13,GND,GND,True,pin_exact,0.99
IC100,AN15,AN15,WOL/WIFI_POWER_ON,WOL_WIFI_POWER_ON,True,pin_exact,0.99
IC100,AN16,AN16,MIC_DATA_SOC,MIC_DATA_SOC,True,pin_exact,0.99
IC100,AN18,AN18,HP_MUTE,HP_MUTE,True,pin_exact,0.99
IC100,AN2,AN2,GND,GND,True,pin_exact,0.99
IC100,AN20,AN20,GND,GND,True,pin_exact,0.99
IC100,AN22,AN22,HDMI_DET1,HDMI_DET1,True,pin_exact,0.99
IC100,AN23,AN23,SOC_TX,SOC_TX,True,pin_exact,0.99
IC100,AN25,AN25,LSDAC,LSDAC,True,pin_exact,0.99
IC100,AN27,AN27,RL_ON_SOC,RL_ON_SOC,True,pin_exact,0.99
IC100,AN29,AN29,EB_WE_N,EB_WE_N,True,pin_exact,0.99
IC100,AN3,AN3,HDMI2.1_2_D1_+_IM90,HDMI2.1_2_D1_+_IM90,True,pin_exact,0.99
IC100,AN30,AN30,CAM_IREQ_N,CAM_IREQ_N,True,pin_exact,0.99
IC100,AP1,AP1,HDMI2.1_2_D2_+_IM90,HDMI2.1_2_D2_+_IM90,True,pin_exact,0.99
IC100,AP11,AP11,GND,GND,True,pin_exact,0.99
IC100,AP13,AP13,GND,GND,True,pin_exact,0.99
IC100,AP14,AP14,GND,GND,True,pin_exact,0.99
IC100,AP15,AP15,GND,GND,True,pin_exact,0.99
IC100,AP16,AP16,GND,GND,True,pin_exact,0.99
IC100,AP17,AP17,GND,GND,True,pin_exact,0.99
IC100,AP18,AP18,GND,GND,True,pin_exact,0.99
IC100,AP20,AP20,GND,GND,True,pin_exact,0.99
IC100,AP21,AP21,GND,GND,True,pin_exact,0.99
IC100,AP22,AP22,GND,GND,True,pin_exact,0.99
IC100,AP23,AP23,SOC_RX,SOC_RX,True,pin_exact,0.99
IC100,AP25,AP25,GND,GND,True,pin_exact,0.99
IC100,AP27,AP27,POWER_DET,POWER_DET,True,pin_exact,0.99
IC100,AP29,AP29,EB_ADDR[8],EB_ADDR[8],True,pin_exact,0.99
IC100,AP3,AP3,GND,GND,True,pin_exact,0.99
IC100,AP30,AP30,EB_ADDR[13],EB_ADDR[13],True,pin_exact,0.99
IC100,AP31,AP31,EB_ADDR[14],EB_ADDR[14],True,pin_exact,0.99
IC100,AP4,AP4,GND,GND,True,pin_exact,0.99
IC100,AP5,AP5,GND,GND,True,pin_exact,0.99
IC100,AP6,AP6,GND,GND,True,pin_exact,0.99
IC100,AP7,AP7,GND,GND,True,pin_exact,0.99
IC100,AP8,AP8,GND,GND,True,pin_exact,0.99
IC100,AP9,AP9,GND,GND,True,pin_exact,0.99
IC100,AR10,AR10,GND,GND,True,pin_exact,0.99
IC100,AR11,AR11,GND,GND,True,pin_exact,0.99
IC100,AR12,AR12,HDMI2.0_4_D0_-_IM90,HDMI2.0_4_D0_-_IM90,True,pin_exact,0.99
IC100,AR13,AR13,HDMI2.0_4_D0_+_IM90,HDMI2.0_4_D0_+_IM90,True,pin_exact,0.99
IC100,AR14,AR14,GND,GND,True,pin_exact,0.99
IC100,AR15,AR15,HDMI2.0_4_D1_-_IM90,HDMI2.0_4_D1_-_IM90,True,pin_exact,0.99
IC100,AR16,AR16,HDMI2.0_4_D1_+_IM90,HDMI2.0_4_D1_+_IM90,True,pin_exact,0.99
IC100,AR17,AR17,GND,GND,True,pin_exact,0.99
IC100,AR18,AR18,GND,GND,True,pin_exact,0.99
IC100,AR19,AR19,HDMI2.0_1_HPD,HDMI2.0_1_HPD,True,pin_exact,0.99
IC100,AR2,AR2,USB2.0_1_DM_IM90,USB2.0_1_DM_IM90,True,pin_exact,0.99
IC100,AR20,AR20,DDC_SDA_1,DDC_SDA_1,True,pin_exact,0.99
IC100,AR21,AR21,HDMI2.1_2_5V_DET,HDMI2.1_2_5V_DET,True,pin_exact,0.99
IC100,AR22,AR22,DDC_SCL_2,DDC_SCL_2,True,pin_exact,0.99
IC100,AR23,M31,GND,GND,True,coord_net,0.8
IC100,AR24,Y31,SIGN003119,PCM_5V_SC_PWR_SEL,False,coord_only,0.55
IC100,AR25,AR25,EB_DATA[3],EB_DATA[3],True,pin_exact,0.99
IC100,AR26,AR26,EB_DATA[5],EB_DATA[5],True,pin_exact,0.99
IC100,AR27,AR27,/PCM_CE1,_PCM_CE1,True,pin_exact,0.99
IC100,AR28,AR28,EB_OE_N,EB_OE_N,True,pin_exact,0.99
IC100,AR30,AR30,EB_ADDR[11],EB_ADDR[11],True,pin_exact,0.99
IC100,AR4,AR4,GND,GND,True,pin_exact,0.99
IC100,AR5,AR5,HDMI2.0_1_D0_-_IM90,HDMI2.0_1_D0_-_IM90,True,pin_exact,0.99
IC100,AR6,AR6,HDMI2.0_1_D0_+_IM90,HDMI2.0_1_D0_+_IM90,True,pin_exact,0.99
IC100,AR7,AR7,GND,GND,True,pin_exact,0.99
IC100,AR8,AR8,HDMI2.0_1_D1_-_IM90,HDMI2.0_1_D1_-_IM90,True,pin_exact,0.99
IC100,AR9,AR9,HDMI2.0_1_D1_+_IM90,HDMI2.0_1_D1_+_IM90,True,pin_exact,0.99
IC100,AT1,AT1,USB2.0_1_DP_IM90,USB2.0_1_DP_IM90,True,pin_exact,0.99
IC100,AT11,AT11,GND,GND,True,pin_exact,0.99
IC100,AT12,AT12,GND,GND,True,pin_exact,0.99
IC100,AT16,AT16,GND,GND,True,pin_exact,0.99
IC100,AT18,AT18,GND,GND,True,pin_exact,0.99
IC100,AT19,AT19,GND,GND,True,pin_exact,0.99
IC100,AT20,AT20,HDMI2.0_1_5V_DET,HDMI2.0_1_5V_DET,True,pin_exact,0.99
IC100,AT21,AT21,HDMI2.1_2_HPD,HDMI2.1_2_HPD,True,pin_exact,0.99
IC100,AT22,AT22,DDC_SDA_2,DDC_SDA_2,True,pin_exact,0.99
IC100,AT23,AT23,HW_CEC,HW_CEC,True,pin_exact,0.99
IC100,AT24,U31,SIGN003119,SIGN00441,False,coord_only,0.55
IC100,AT25,AT25,CAM_CD1_N,CAM_CD1_N,True,pin_exact,0.99
IC100,AT26,AT26,EB_DATA[4],EB_DATA[4],True,pin_exact,0.99
IC100,AT27,AT27,EB_DATA[7],EB_DATA[7],True,pin_exact,0.99
IC100,AT28,AT28,EB_ADDR[10],EB_ADDR[10],True,pin_exact,0.99
IC100,AT29,AT29,EB_BE_N1,EB_BE_N1,True,pin_exact,0.99
IC100,AT3,AT3,EARC_P_SOC_IM100,EARC_P_SOC_IM100,True,pin_exact,0.99
IC100,AT31,L31,EB_ADDR[9],GND,False,coord_only,0.55
IC100,AT4,AT4,GND,GND,True,pin_exact,0.99
IC100,AT5,AT5,GND,GND,True,pin_exact,0.99
IC100,AT9,AT9,GND,GND,True,pin_exact,0.99
IC100,AU10,AU10,HDMI2.0_1_D2_+_IM90,HDMI2.0_1_D2_+_IM90,True,pin_exact,0.99
IC100,AU11,AU11,HDMI2.0_4_CK_-_IM90,HDMI2.0_4_CK_-_IM90,True,pin_exact,0.99
IC100,AU12,AU12,HDMI2.0_4_CK_+_IM90,HDMI2.0_4_CK_+_IM90,True,pin_exact,0.99
IC100,AU16,AU16,HDMI2.0_4_D2_-_IM90,HDMI2.0_4_D2_-_IM90,True,pin_exact,0.99
IC100,AU17,AU17,HDMI2.0_4_D2_+_IM90,HDMI2.0_4_D2_+_IM90,True,pin_exact,0.99
IC100,AU18,AU18,GND,GND,True,pin_exact,0.99
IC100,AU19,AU19,SIGN006323,SIGN006323,True,pin_exact,0.99
IC100,AU2,AU2,EARC_N_SOC_IM100,EARC_N_SOC_IM100,True,pin_exact,0.99
IC100,AU21,AU21,DDC_SCL_1,DDC_SCL_1,True,pin_exact,0.99
IC100,AU23,K31,GND,GND,True,coord_net,0.8
IC100,AU25,AU25,GND,GND,True,pin_exact,0.99
IC100,AU27,AU27,EB_DATA[6],EB_DATA[6],True,pin_exact,0.99
IC100,AU30,AU30,EB_BE_N0,EB_BE_N0,True,pin_exact,0.99
IC100,AU4,AU4,HDMI2.0_1_CK_-_IM90,HDMI2.0_1_CK_-_IM90,True,pin_exact,0.99
IC100,AU5,AU5,HDMI2.0_1_CK_+_IM90,HDMI2.0_1_CK_+_IM90,True,pin_exact,0.99
IC100,AU9,AU9,HDMI2.0_1_D2_-_IM90,HDMI2.0_1_D2_-_IM90,True,pin_exact,0.99
IC100,B1,B1,EPHY_TD_P_IM100,EPHY_TD_P_IM100,True,pin_exact,0.99
IC100,B10,B10,TX_N_1_IM100,TX_N_1_IM100,True,pin_exact,0.99
IC100,B11,B11,TX_N_2_IM100,TX_N_2_IM100,True,pin_exact,0.99
IC100,B12,B12,GND,GND,True,pin_exact,0.99
IC100,B13,B13,GND,GND,True,pin_exact,0.99
IC100,B14,B14,TX_P_4_IM100,TX_P_4_IM100,True,pin_exact,0.99
IC100,B15,B15,TX_P_5_IM100,TX_P_5_IM100,True,pin_exact,0.99
IC100,B16,B16,TX_N_6_IM100,TX_N_6_IM100,True,pin_exact,0.99
IC100,B17,B17,TX_N_7_IM100,TX_N_7_IM100,True,pin_exact,0.99
IC100,B18,B18,GND,GND,True,pin_exact,0.99
IC100,B19,B19,GND,GND,True,pin_exact,0.99
IC100,B20,B20,TX_P_9_IM100,TX_P_9_IM100,True,pin_exact,0.99
IC100,B21,B21,TX_P_10_IM100,TX_P_10_IM100,True,pin_exact,0.99
IC100,B22,B22,TX_N_11_IM100,TX_N_11_IM100,True,pin_exact,0.99
IC100,B23,B23,TX_N_12_IM100,TX_N_12_IM100,True,pin_exact,0.99
IC100,B24,B24,GND,GND,True,pin_exact,0.99
IC100,B25,B25,GND,GND,True,pin_exact,0.99
IC100,B26,B26,TX_P_14_IM100,TX_P_14_IM100,True,pin_exact,0.99
IC100,B27,B27,TX_P_15_IM100,TX_P_15_IM100,True,pin_exact,0.99
IC100,B28,J31,SIGN003116,GND,False,coord_only,0.55
IC100,B29,H31,GND,GND,True,coord_net,0.8
IC100,B3,B3,/PQ_BYPASS_DISABLE,_PQ_BYPASS_DISABLE,True,pin_exact,0.99
IC100,B31,R30,GND,GND,True,coord_net,0.8
IC100,B4,B4,SIGN001633,SIGN001633,True,pin_exact,0.99
IC100,B5,B5,I2S_AMP,I2S_AMP,True,pin_exact,0.99
IC100,B6,B6,I2C_SDA_3,I2C_SDA_3,True,pin_exact,0.99
IC100,B7,B7,EPI_FCIC_CS,EPI_FCIC_CS,True,pin_exact,0.99
IC100,B8,B8,EPI_FCIC_MOSI,EPI_FCIC_MOSI,True,pin_exact,0.99
IC100,B9,B9,TX_P_0_IM100,TX_P_0_IM100,True,pin_exact,0.99
IC100,C10,C10,GND,GND,True,pin_exact,0.99
IC100,C11,C11,GND,GND,True,pin_exact,0.99
IC100,C12,C12,TX_P_2_IM100,TX_P_2_IM100,True,pin_exact,0.99
IC100,C13,C13,TX_P_3_IM100,TX_P_3_IM100,True,pin_exact,0.99
IC100,C14,C14,TX_N_4_IM100,TX_N_4_IM100,True,pin_exact,0.99
IC100,C15,C15,TX_N_5_IM100,TX_N_5_IM100,True,pin_exact,0.99
IC100,C16,C16,GND,GND,True,pin_exact,0.99
IC100,C17,C17,GND,GND,True,pin_exact,0.99
IC100,C18,C18,TX_P_7_IM100,TX_P_7_IM100,True,pin_exact,0.99
IC100,C19,C19,TX_P_8_IM100,TX_P_8_IM100,True,pin_exact,0.99
IC100,C2,C2,EPHY_RD_N_IM100,EPHY_RD_N_IM100,True,pin_exact,0.99
IC100,C20,C20,TX_N_9_IM100,TX_N_9_IM100,True,pin_exact,0.99
IC100,C21,C21,TX_N_10_IM100,TX_N_10_IM100,True,pin_exact,0.99
IC100,C22,C22,GND,GND,True,pin_exact,0.99
IC100,C23,C23,GND,GND,True,pin_exact,0.99
IC100,C24,C24,TX_P_12_IM100,TX_P_12_IM100,True,pin_exact,0.99
IC100,C25,C25,TX_P_13_IM100,TX_P_13_IM100,True,pin_exact,0.99
IC100,C26,C26,TX_N_14_IM100,TX_N_14_IM100,True,pin_exact,0.99
IC100,C27,C27,TX_N_15_IM100,TX_N_15_IM100,True,pin_exact,0.99
IC100,C30,C30,+VREF_SOC,+VREF_SOC,True,pin_exact,0.99
IC100,C4,C4,SIGN001630,SIGN001630,True,pin_exact,0.99
IC100,C5,C5,SIGN001666,SIGN001666,True,pin_exact,0.99
IC100,C6,C6,I2C_SCL_3,I2C_SCL_3,True,pin_exact,0.99
IC100,C7,C7,EPI_FCIC_MISO,EPI_FCIC_MISO,True,pin_exact,0.99
IC100,C8,C8,EPI_FCIC_CLK,EPI_FCIC_CLK,True,pin_exact,0.99
IC100,C9,C9,TX_N_0_IM100,TX_N_0_IM100,True,pin_exact,0.99
IC100,D2,D2,GND,GND,True,pin_exact,0.99
IC100,D22,D22,GND,GND,True,pin_exact,0.99
IC100,D25,D25,GND,GND,True,pin_exact,0.99
IC100,D26,D26,GND,GND,True,pin_exact,0.99
IC100,D27,D27,GND,GND,True,pin_exact,0.99
IC100,D3,D3,EPHY_RD_P_IM100,EPHY_RD_P_IM100,True,pin_exact,0.99
IC100,D30,F31,+1.2V_DDR,+1.2V_DDR,True,coord_net,0.8
IC100,D31,F27,+1.2V_DDR,SIGN004218,True,coord_net,0.8
IC100,E1,E1,WIFI_USB2.0_DM_IM90,WIFI_USB2.0_DM_IM90,True,pin_exact,0.99
IC100,E10,E10,EPI_EO,EPI_EO,True,pin_exact,0.99
IC100,E2,E2,USB2.0_2_DP_IM90,USB2.0_2_DP_IM90,True,pin_exact,0.99
IC100,E29,G31,+1.2V_DDR,+2.5V_DDR4_VPP,False,coord_only,0.55
IC100,E3,E3,USB2.0_2_DM_IM90,USB2.0_2_DM_IM90,True,pin_exact,0.99
IC100,E30,W30,+1.2V_DDR,USB_CTL2,False,coord_only,0.55
IC100,E31,U30,+1.2V_DDR,SIGN00440,False,coord_only,0.55
IC100,E4,E4,EPI_GCLK,EPI_GCLK,True,pin_exact,0.99
IC100,E5,E5,EPI_MCLK,EPI_MCLK,True,pin_exact,0.99
IC100,E6,E6,TCON_OD_CTL,TCON_OD_CTL,True,pin_exact,0.99
IC100,E7,E7,LNB_PWR_SEL,LNB_PWR_SEL,True,pin_exact,0.99
IC100,E8,E8,UART1_RTS,UART1_RTS,True,pin_exact,0.99
IC100,E9,E9,UART1_CTS,UART1_CTS,True,pin_exact,0.99
IC100,F18,F18,GND,GND,True,pin_exact,0.99
IC100,F2,F2,GND,GND,True,pin_exact,0.99
IC100,F20,F20,GND,GND,True,pin_exact,0.99
IC100,F27,T30,SIGN004218,SIGN004224,False,coord_only,0.55
IC100,F28,P30,GND,GND,True,coord_net,0.8
IC100,F29,N30,+1.2V_DDR,GND,False,coord_only,0.55
IC100,F3,F3,WIFI_USB2.0_DP_IM90,WIFI_USB2.0_DP_IM90,True,pin_exact,0.99
IC100,F30,M30,+1.2V_DDR,GND,False,coord_only,0.55
IC100,F31,L30,+1.2V_DDR,GND,False,coord_only,0.55
IC100,F5,F5,PWM_DIM1,PWM_DIM1,True,pin_exact,0.99
IC100,F7,F7,PWM_DIM2,PWM_DIM2,True,pin_exact,0.99
IC100,F9,F9,EPI_VST,EPI_VST,True,pin_exact,0.99
IC100,G1,G1,,ZUKEN_DUMMY,False,pin_exact,0.99
IC100,G2,G2,SIGN006400,SIGN006400,True,pin_exact,0.99
IC100,G29,K30,GND,GND,True,coord_net,0.8
IC100,G3,G3,SIGN006412,SIGN006412,True,pin_exact,0.99
IC100,G30,J30,GND,GND,True,coord_net,0.8
IC100,G31,Y29,+2.5V_DDR4_VPP,EMMC_DATA[6],False,coord_only,0.55
IC100,G4,G4,LOCK_IN,LOCK_IN,True,pin_exact,0.99
IC100,G5,G5,GP14,GP14,True,pin_exact,0.99
IC100,G6,G6,UART1_TX,UART1_TX,True,pin_exact,0.99
IC100,G7,G7,UART1_RX,UART1_RX,True,pin_exact,0.99
IC100,G8,G8,L/DIM_M0_VS/OLED_QSM_EN,L_DIM_M0_VS_OLED_QSM_EN,True,pin_exact,0.99
IC100,G9,G9,L/DIM_M0_MOSI_1/OLED_DPC_CTL,L_DIM_M0_MOSI_1_OLED_DPC_CTL,True,pin_exact,0.99
IC100,H18,H18,GND,GND,True,pin_exact,0.99
IC100,H2,H2,,ZUKEN_DUMMY,False,pin_exact,0.99
IC100,H27,H27,GND,GND,True,pin_exact,0.99
IC100,H29,T29,GND,GND,True,coord_net,0.8
IC100,H3,H3,,ZUKEN_DUMMY,False,pin_exact,0.99
IC100,H30,R29,GND,GND,True,coord_net,0.8
IC100,H31,P29,GND,GND,True,coord_net,0.8
IC100,J1,J1,SIGN00615,SIGN00615,True,pin_exact,0.99
IC100,J2,J2,AUDA_OUTL,AUDA_OUTL,True,pin_exact,0.99
IC100,J26,J26,GND,GND,True,pin_exact,0.99
IC100,J28,J28,GND,GND,True,pin_exact,0.99
IC100,J29,J29,GND,GND,True,pin_exact,0.99
IC100,J3,J3,AUDA_OUTR,AUDA_OUTR,True,pin_exact,0.99
IC100,J30,N29,GND,GND,True,coord_net,0.8
IC100,J31,M29,GND,GND,True,coord_net,0.8
IC100,J4,J4,GND,GND,True,pin_exact,0.99
IC100,J5,J5,GND,GND,True,pin_exact,0.99
IC100,J6,J6,GND,GND,True,pin_exact,0.99
IC100,J7,J7,L/DIM_M0_SCLK/OLED_TCON_FW,L_DIM_M0_SCLK_OLED_TCON_FW,True,pin_exact,0.99
IC100,J9,J9,SIGN006504,SIGN006504,True,pin_exact,0.99
IC100,K11,L29,GND,GND,True,coord_net,0.8
IC100,K12,P14,+D1V0,+D1V0,True,coord_net,0.8
IC100,K13,K13,+D1V0,+D1V0,True,pin_exact,0.99
IC100,K14,K14,+D1V0,+D1V0,True,pin_exact,0.99
IC100,K16,K16,GND,GND,True,pin_exact,0.99
IC100,K2,K2,SIGN006396,SIGN006396,True,pin_exact,0.99
IC100,K25,K25,GND,GND,True,pin_exact,0.99
IC100,K27,K27,GND,GND,True,pin_exact,0.99
IC100,K29,K29,GND,GND,True,pin_exact,0.99
IC100,K3,K3,SIGN006399,SIGN006399,True,pin_exact,0.99
IC100,K30,V28,GND,GND,True,coord_net,0.8
IC100,K31,U28,GND,GND,True,coord_net,0.8
IC100,L1,L1,IF_S_IN,IF_S_IN,True,pin_exact,0.99
IC100,L2,L2,IF_S_IP,IF_S_IP,True,pin_exact,0.99
IC100,L24,L24,GND,GND,True,pin_exact,0.99
IC100,L26,L26,GND,GND,True,pin_exact,0.99
IC100,L28,L28,GND,GND,True,pin_exact,0.99
IC100,L29,R28,GND,GND,True,coord_net,0.8
IC100,L3,L3,GND,GND,True,pin_exact,0.99
IC100,L30,N28,GND,GND,True,coord_net,0.8
IC100,L31,U27,GND,GND,True,coord_net,0.8
IC100,L5,L5,SIGN006505,SIGN006505,True,pin_exact,0.99
IC100,L7,L7,SIGN006508,SIGN006508,True,pin_exact,0.99
IC100,L9,L9,VID_CPU_PWM,VID_CPU_PWM,True,pin_exact,0.99
IC100,M11,P27,GND,GND,True,coord_net,0.8
IC100,M12,M14,+D1V0,+D1V0,True,coord_net,0.8
IC100,M13,M13,+D1V0,+D1V0,True,pin_exact,0.99
IC100,M14,W13,+D1V0,+D1V0,True,coord_net,0.8
IC100,M16,M16,GND,GND,True,pin_exact,0.99
IC100,M2,M2,IF_S_QN,IF_S_QN,True,pin_exact,0.99
IC100,M23,M23,GND,GND,True,pin_exact,0.99
IC100,M27,M27,GND,GND,True,pin_exact,0.99
IC100,M29,N27,GND,GND,True,coord_net,0.8
IC100,M3,M3,GND,GND,True,pin_exact,0.99
IC100,M30,V26,GND,GND,True,coord_net,0.8
IC100,M31,V25,GND,GND,True,coord_net,0.8
IC100,M4,M4,VID_CORE,VID_CORE,True,pin_exact,0.99
IC100,M5,M5,VID_CORE2_PWM,VID_CORE2_PWM,True,pin_exact,0.99
IC100,M6,M6,USB_CTL1,USB_CTL1,True,pin_exact,0.99
IC100,M8,M8,SPDIF_OUT,SPDIF_OUT,True,pin_exact,0.99
IC100,M9,M9,GND,GND,True,pin_exact,0.99
IC100,N1,N1,IF_P,IF_P,True,pin_exact,0.99
IC100,N2,N2,GND,GND,True,pin_exact,0.99
IC100,N22,N22,GND,GND,True,pin_exact,0.99
IC100,N27,R22,GND,GND,True,coord_net,0.8
IC100,N28,P16,GND,GND,True,coord_net,0.8
IC100,N29,V9,GND,GND,True,coord_net,0.8
IC100,N3,N3,IF_S_QP,IF_S_QP,True,pin_exact,0.99
IC100,N30,V7,GND,GND,True,coord_net,0.8
IC100,N31,T6,GND,GND,True,coord_net,0.8
IC100,P11,V5,GND,GND,True,coord_net,0.8
IC100,P12,P13,+D1V0,+D1V0,True,coord_net,0.8
IC100,P13,Y12,+D1V0,+D1V0,True,coord_net,0.8
IC100,P14,V12,+D1V0,+D1V0,True,coord_net,0.8
IC100,P16,T5,GND,GND,True,coord_net,0.8
IC100,P2,P2,GND,GND,True,pin_exact,0.99
IC100,P27,T4,GND,GND,True,coord_net,0.8
IC100,P29,W3,GND,GND,True,coord_net,0.8
IC100,P3,P3,IF_N,IF_N,True,pin_exact,0.99
IC100,P30,V3,GND,GND,True,coord_net,0.8
IC100,P31,U3,GND,GND,True,coord_net,0.8
IC100,P4,P4,/USB_OCD1,_USB_OCD1,True,pin_exact,0.99
IC100,P5,P5,AMP_RESET_N,AMP_RESET_N,True,pin_exact,0.99
IC100,P6,P6,EYE_SCL,EYE_SCL,True,pin_exact,0.99
IC100,P7,P7,EYE_SDA,EYE_SDA,True,pin_exact,0.99
IC100,P8,P8,FE_DEMOD2_TS_SYNC,FE_DEMOD2_TS_SYNC,True,pin_exact,0.99
IC100,P9,P9,FE_DEMOD2_TS_CLK,FE_DEMOD2_TS_CLK,True,pin_exact,0.99
IC100,R1,R1,IF_S_AGC,IF_S_AGC,True,pin_exact,0.99
IC100,R2,R2,GND,GND,True,pin_exact,0.99
IC100,R22,T3,GND,GND,True,coord_net,0.8
IC100,R28,V2,GND,GND,True,coord_net,0.8
IC100,R29,W29,GND,_USB_OCD2,False,coord_only,0.55
IC100,R3,R3,IF_AGC,IF_AGC,True,pin_exact,0.99
IC100,R30,U29,GND,SIGN00439,False,coord_only,0.55
IC100,R31,Y28,GND,TPI_CLK,False,coord_only,0.55
IC100,T2,T2,SIF,SIF,True,pin_exact,0.99
IC100,T29,Y27,GND,TPI_VAL,False,coord_only,0.55
IC100,T3,Y26,GND,TPI_SOP,False,coord_only,0.55
IC100,T30,Y25,SIGN004224,TPI_DATA[0],False,coord_only,0.55
IC100,T4,Y24,GND,TPI_DATA[2],False,coord_only,0.55
IC100,T5,Y23,GND,SIGN001560,False,coord_only,0.55
IC100,T6,W9,GND,I2C_SDA_1,False,coord_only,0.55
IC100,T7,T7,FE_DEMOD2_TS_DATA,FE_DEMOD2_TS_DATA,True,pin_exact,0.99
IC100,T9,T9,FE_DEMOD2_TS_VAL,FE_DEMOD2_TS_VAL,True,pin_exact,0.99
IC100,U1,U1,XIN_MAIN,XIN_MAIN,True,pin_exact,0.99
IC100,U2,U2,XOUT_MAIN,XOUT_MAIN,True,pin_exact,0.99
IC100,U27,W8,GND,I2C_SCL_1,False,coord_only,0.55
IC100,U28,W7,GND,_TU_RESET2,False,coord_only,0.55
IC100,U29,W6,SIGN00439,HP_DET,False,coord_only,0.55
IC100,U3,W5,GND,SIGN001565,False,coord_only,0.55
IC100,U30,W4,SIGN00440,_TU_RESET1,False,coord_only,0.55
IC100,U31,Y3,SIGN00441,DDC_SDA_4,False,coord_only,0.55
IC100,V11,Y2,GND,DDC_SCL_4,False,coord_only,0.55
IC100,V12,W2,+D1V0,HDMI2.0_4_HPD,False,coord_only,0.55
IC100,V2,W1,GND,HDMI2.0_4_5V_DET,False,coord_only,0.55
