Designator,UI_Pin,UI_Token,EDB_Pin,Net,Source,Confidence
IC100,A10,A10,A10,TX_P_1_IM100,runtime_pin_display,0.96
IC100,A10,A10,A10,TX_P_1_IM100,components_api,0.93
IC100,A12,A12,A12,TX_N_3_IM100,runtime_pin_display,0.96
IC100,A12,A12,A12,TX_N_3_IM100,components_api,0.93
IC100,A14,A14,A14,GND,runtime_pin_display,0.96
IC100,A14,A14,A14,GND,components_api,0.93
IC100,A16,A16,A16,TX_P_6_IM100,runtime_pin_display,0.96
IC100,A16,A16,A16,TX_P_6_IM100,components_api,0.93
IC100,A18,A18,A18,TX_N_8_IM100,runtime_pin_display,0.96
IC100,A18,A18,A18,TX_N_8_IM100,components_api,0.93
IC100,A2,A2,A2,EPHY_TD_N_IM100,runtime_pin_display,0.96
IC100,A2,A2,A2,EPHY_TD_N_IM100,components_api,0.93
IC100,A20,A20,A20,GND,runtime_pin_display,0.96
IC100,A20,A20,A20,GND,components_api,0.93
IC100,A22,A22,A22,TX_P_11_IM100,runtime_pin_display,0.96
IC100,A22,A22,A22,TX_P_11_IM100,components_api,0.93
IC100,A24,A24,A24,TX_N_13_IM100,runtime_pin_display,0.96
IC100,A24,A24,A24,TX_N_13_IM100,components_api,0.93
IC100,A26,A26,A26,GND,runtime_pin_display,0.96
IC100,A26,A26,A26,GND,components_api,0.93
IC100,A28,A28,B28,SIGN003116,siw_coord_net,0.91
IC100,A30,A30,A26,GND,siw_coord_net,0.86
IC100,A4,A4,A4,POWER_ON_OFF_REOTP,runtime_pin_display,0.96
IC100,A4,A4,A4,POWER_ON_OFF_REOTP,components_api,0.93
IC100,A6,A6,A6,HTPDAn,runtime_pin_display,0.96
IC100,A6,A6,A6,HTPDAn,components_api,0.93
IC100,A8,A8,A8,GND,runtime_pin_display,0.96
IC100,A8,A8,A8,GND,components_api,0.93
IC100,AA1,AA1,AA1,HDMI2.1_3_CK_-_IM90,runtime_pin_display,0.96
IC100,AA1,AA1,AA1,HDMI2.1_3_CK_-_IM90,components_api,0.93
IC100,AA10,AA10,AA10,+CPU_1V0,runtime_pin_display,0.96
IC100,AA10,AA10,AA10,+CPU_1V0,components_api,0.93
IC100,AA13,AA13,AA13,+D1V0,runtime_pin_display,0.96
IC100,AA13,AA13,AA13,+D1V0,components_api,0.93
IC100,AA14,AA14,AA14,GND,runtime_pin_display,0.96
IC100,AA14,AA14,AA14,GND,components_api,0.93
IC100,AA15,AA15,AA15,+CPU_1V0,runtime_pin_display,0.96
IC100,AA15,AA15,AA15,+CPU_1V0,components_api,0.93
IC100,AA17,AA17,AA17,+CPU_1V0,runtime_pin_display,0.96
IC100,AA17,AA17,AA17,+CPU_1V0,components_api,0.93
IC100,AA18,AA18,AB18,GND,siw_coord_net,0.91
IC100,AA20,AA20,AA20,GND,runtime_pin_display,0.96
IC100,AA20,AA20,AA20,GND,components_api,0.93
IC100,AA29,AA29,AA29,EMMC_DATA[2],runtime_pin_display,0.96
IC100,AA29,AA29,AA29,EMMC_DATA[2],components_api,0.93
IC100,AA3,AA3,AA3,GND,runtime_pin_display,0.96
IC100,AA3,AA3,AA3,GND,components_api,0.93
IC100,AA30,AA30,AA30,EMMC_DATA[7],runtime_pin_display,0.96
IC100,AA30,AA30,AA30,EMMC_DATA[7],components_api,0.93
IC100,AA4,AA4,AA4,GND,runtime_pin_display,0.96
IC100,AA4,AA4,AA4,GND,components_api,0.93
IC100,AA5,AA5,AA5,SIGN001618,runtime_pin_display,0.96
IC100,AA5,AA5,AA5,SIGN001618,components_api,0.93
IC100,AA6,AA6,AA6,GND,runtime_pin_display,0.96
IC100,AA6,AA6,AA6,GND,components_api,0.93
IC100,AA7,AA7,AA7,FE_DEMOD1_TS_VAL,runtime_pin_display,0.96
IC100,AA7,AA7,AA7,FE_DEMOD1_TS_VAL,components_api,0.93
IC100,AA8,AA8,AA8,FE_DEMOD1_TS_SYNC,runtime_pin_display,0.96
IC100,AA8,AA8,AA8,FE_DEMOD1_TS_SYNC,components_api,0.93
IC100,AA9,AA9,AA9,FE_DEMOD1_TS_DATA[7],runtime_pin_display,0.96
IC100,AA9,AA9,AA9,FE_DEMOD1_TS_DATA[7],components_api,0.93
IC100,AB1,AB1,AB1,HDMI2.1_3_CK_+_IM90,runtime_pin_display,0.96
IC100,AB1,AB1,AB1,HDMI2.1_3_CK_+_IM90,components_api,0.93
IC100,AB12,AB12,AB12,+D1V0,runtime_pin_display,0.96
IC100,AB12,AB12,AB12,+D1V0,components_api,0.93
IC100,AB14,AB14,AB14,GND,runtime_pin_display,0.96
IC100,AB14,AB14,AB14,GND,components_api,0.93
IC100,AB15,AB15,AB15,+CPU_1V0,runtime_pin_display,0.96
IC100,AB15,AB15,AB15,+CPU_1V0,components_api,0.93
IC100,AB17,AB17,AB17,+CPU_1V0,runtime_pin_display,0.96
IC100,AB17,AB17,AB17,+CPU_1V0,components_api,0.93
IC100,AB18,AB18,AB18,GND,runtime_pin_display,0.96
IC100,AB18,AB18,AB18,GND,components_api,0.93
IC100,AB2,AB2,AB2,GND,runtime_pin_display,0.96
IC100,AB2,AB2,AB2,GND,components_api,0.93
IC100,AB23,AB23,AB23,TPO_DATA[7],runtime_pin_display,0.96
IC100,AB23,AB23,AB23,TPO_DATA[7],components_api,0.93
IC100,AB24,AB24,AB24,TPO_DATA[6],runtime_pin_display,0.96
IC100,AB24,AB24,AB24,TPO_DATA[6],components_api,0.93
IC100,AB25,AB25,AB25,TPO_CLK,runtime_pin_display,0.96
IC100,AB25,AB25,AB25,TPO_CLK,components_api,0.93
IC100,AB26,AB26,AB26,TPO_DATA[4],runtime_pin_display,0.96
IC100,AB26,AB26,AB26,TPO_DATA[4],components_api,0.93
IC100,AB27,AB27,AB27,TPO_VAL,runtime_pin_display,0.96
IC100,AB27,AB27,AB27,TPO_VAL,components_api,0.93
IC100,AB28,AB28,AB28,TPO_DATA[5],runtime_pin_display,0.96
IC100,AB28,AB28,AB28,TPO_DATA[5],components_api,0.93
IC100,AB29,AB29,AB29,EMMC_DATA[0],runtime_pin_display,0.96
IC100,AB29,AB29,AB29,EMMC_DATA[0],components_api,0.93
IC100,AB3,AB3,AB3,HDMI2.1_3_D0_-_IM90,runtime_pin_display,0.96
IC100,AB3,AB3,AB3,HDMI2.1_3_D0_-_IM90,components_api,0.93
IC100,AB30,AB30,AB30,GND,runtime_pin_display,0.96
IC100,AB30,AB30,AB30,GND,components_api,0.93
IC100,AB31,AB31,AB31,EMMC_DATA[1],runtime_pin_display,0.96
IC100,AB31,AB31,AB31,EMMC_DATA[1],components_api,0.93
IC100,AB4,AB4,AB4,GND,runtime_pin_display,0.96
IC100,AB4,AB4,AB4,GND,components_api,0.93
IC100,AC13,AC13,AC13,+D1V0,runtime_pin_display,0.96
IC100,AC13,AC13,AC13,+D1V0,components_api,0.93
IC100,AC15,AC15,AC15,+CPU_1V0,runtime_pin_display,0.96
IC100,AC15,AC15,AC15,+CPU_1V0,components_api,0.93
IC100,AC17,AC17,AC17,+CPU_1V0,runtime_pin_display,0.96
IC100,AC17,AC17,AC17,+CPU_1V0,components_api,0.93
IC100,AC18,AC18,AC18,GND,runtime_pin_display,0.96
IC100,AC18,AC18,AC18,GND,components_api,0.93
IC100,AC23,AC23,AC23,TPO_DATA[3],runtime_pin_display,0.96
IC100,AC23,AC23,AC23,TPO_DATA[3],components_api,0.93
IC100,AC25,AC25,AC25,TPO_DATA[2],runtime_pin_display,0.96
IC100,AC25,AC25,AC25,TPO_DATA[2],components_api,0.93
IC100,AC27,AC27,AC27,TPO_DATA[1],runtime_pin_display,0.96
IC100,AC27,AC27,AC27,TPO_DATA[1],components_api,0.93
IC100,AC29,AC29,AC29,EMMC_DATA[3],runtime_pin_display,0.96
IC100,AC29,AC29,AC29,EMMC_DATA[3],components_api,0.93
IC100,AC3,AC3,AC3,HDMI2.1_3_D0_+_IM90,runtime_pin_display,0.96
IC100,AC3,AC3,AC3,HDMI2.1_3_D0_+_IM90,components_api,0.93
IC100,AC30,AC30,AC30,EMMC_DATA[4],runtime_pin_display,0.96
IC100,AC30,AC30,AC30,EMMC_DATA[4],components_api,0.93
IC100,AC4,AC4,AC4,GND,runtime_pin_display,0.96
IC100,AC4,AC4,AC4,GND,components_api,0.93
IC100,AC5,AC5,AC5,GND,runtime_pin_display,0.96
IC100,AC5,AC5,AC5,GND,components_api,0.93
IC100,AC6,AC6,AC6,GND,runtime_pin_display,0.96
IC100,AC6,AC6,AC6,GND,components_api,0.93
IC100,AC7,AC7,AC7,GND,runtime_pin_display,0.96
IC100,AC7,AC7,AC7,GND,components_api,0.93
IC100,AC9,AC9,AC9,GND,runtime_pin_display,0.96
IC100,AC9,AC9,AC9,GND,components_api,0.93
IC100,AD14,AD14,AD14,+D1V0,runtime_pin_display,0.96
IC100,AD14,AD14,AD14,+D1V0,components_api,0.93
IC100,AD16,AD16,AD16,+CPU_1V0,runtime_pin_display,0.96
IC100,AD16,AD16,AD16,+CPU_1V0,components_api,0.93
IC100,AD17,AD17,AD17,+CPU_1V0,runtime_pin_display,0.96
IC100,AD17,AD17,AD17,+CPU_1V0,components_api,0.93
IC100,AD18,AD18,AD18,GND,runtime_pin_display,0.96
IC100,AD18,AD18,AD18,GND,components_api,0.93
IC100,AD29,AD29,AD29,GND,runtime_pin_display,0.96
IC100,AD29,AD29,AD29,GND,components_api,0.93
IC100,AD3,AD3,AD3,GND,runtime_pin_display,0.96
IC100,AD3,AD3,AD3,GND,components_api,0.93
IC100,AD30,AD30,AD30,EMMC_STRB,runtime_pin_display,0.96
IC100,AD30,AD30,AD30,EMMC_STRB,components_api,0.93
IC100,AD31,AD31,AD31,EMMC_DATA[5],runtime_pin_display,0.96
IC100,AD31,AD31,AD31,EMMC_DATA[5],components_api,0.93
IC100,AD4,AD4,AD4,GND,runtime_pin_display,0.96
IC100,AD4,AD4,AD4,GND,components_api,0.93
IC100,AE12,AE12,AE15,GND,siw_coord_net,0.86
IC100,AE15,AE15,AE15,GND,runtime_pin_display,0.96
IC100,AE15,AE15,AE15,GND,components_api,0.93
IC100,AE23,AE23,AE23,TPO_DATA[0],runtime_pin_display,0.96
IC100,AE23,AE23,AE23,TPO_DATA[0],components_api,0.93
IC100,AE25,AE25,AE25,TPO_SOP,runtime_pin_display,0.96
IC100,AE25,AE25,AE25,TPO_SOP,components_api,0.93
IC100,AE26,AE26,AE26,GND,runtime_pin_display,0.96
IC100,AE26,AE26,AE26,GND,components_api,0.93
IC100,AE27,AE27,AE27,GND,runtime_pin_display,0.96
IC100,AE27,AE27,AE27,GND,components_api,0.93
IC100,AE28,AE28,AE28,GND,runtime_pin_display,0.96
IC100,AE28,AE28,AE28,GND,components_api,0.93
IC100,AE29,AE29,AE29,EMMC_CMD,runtime_pin_display,0.96
IC100,AE29,AE29,AE29,EMMC_CMD,components_api,0.93
IC100,AE3,AE3,AE3,HDMI2.1_3_D1_-_IM90,runtime_pin_display,0.96
IC100,AE3,AE3,AE3,HDMI2.1_3_D1_-_IM90,components_api,0.93
IC100,AE30,AE30,AE30,EMMC_RST,runtime_pin_display,0.96
IC100,AE30,AE30,AE30,EMMC_RST,components_api,0.93
IC100,AE4,AE4,AE4,GND,runtime_pin_display,0.96
IC100,AE4,AE4,AE4,GND,components_api,0.93
IC100,AE5,AE5,AE5,GND,runtime_pin_display,0.96
IC100,AE5,AE5,AE5,GND,components_api,0.93
IC100,AE7,AE7,AE7,GND,runtime_pin_display,0.96
IC100,AE7,AE7,AE7,GND,components_api,0.93
IC100,AE9,AE9,AE9,GND,runtime_pin_display,0.96
IC100,AE9,AE9,AE9,GND,components_api,0.93
IC100,AF1,AF1,AF1,HDMI2.1_3_D2_-_IM90,runtime_pin_display,0.96
IC100,AF1,AF1,AF1,HDMI2.1_3_D2_-_IM90,components_api,0.93
IC100,AF11,AF11,AJ11,+CPU_1V0,siw_coord_net,0.86
IC100,AF13,AF13,AF13,+D1V0,runtime_pin_display,0.96
IC100,AF13,AF13,AF13,+D1V0,components_api,0.93
IC100,AF14,AF14,AF14,+D1V0,runtime_pin_display,0.96
IC100,AF14,AF14,AF14,+D1V0,components_api,0.93
IC100,AF2,AF2,AF2,GND,runtime_pin_display,0.96
IC100,AF2,AF2,AF2,GND,components_api,0.93
IC100,AF29,AF29,AF29,CAM_CD2_N_SC_CMD_VCC,runtime_pin_display,0.96
IC100,AF29,AF29,AF29,CAM_CD2_N_SC_CMD_VCC,components_api,0.93
IC100,AF3,AF3,AF3,HDMI2.1_3_D1_+_IM90,runtime_pin_display,0.96
IC100,AF3,AF3,AF3,HDMI2.1_3_D1_+_IM90,components_api,0.93
IC100,AF30,AF30,AF30,GND,runtime_pin_display,0.96
IC100,AF30,AF30,AF30,GND,components_api,0.93
IC100,AF31,AF31,AF31,EMMC_CLK,runtime_pin_display,0.96
IC100,AF31,AF31,AF31,EMMC_CLK,components_api,0.93
IC100,AF4,AF4,AF4,GND,runtime_pin_display,0.96
IC100,AF4,AF4,AF4,GND,components_api,0.93
IC100,AF5,AF5,AF5,FE_DEMOD1_TS_DATA[5],runtime_pin_display,0.96
IC100,AF5,AF5,AF5,FE_DEMOD1_TS_DATA[5],components_api,0.93
IC100,AF6,AF6,AF6,FE_DEMOD1_TS_DATA[6],runtime_pin_display,0.96
IC100,AF6,AF6,AF6,FE_DEMOD1_TS_DATA[6],components_api,0.93
IC100,AF7,AF7,AF7,FE_DEMOD1_TS_DATA[4],runtime_pin_display,0.96
IC100,AF7,AF7,AF7,FE_DEMOD1_TS_DATA[4],components_api,0.93
IC100,AF8,AF8,AF8,FE_DEMOD1_TS_DATA[3],runtime_pin_display,0.96
IC100,AF8,AF8,AF8,FE_DEMOD1_TS_DATA[3],components_api,0.93
IC100,AF9,AF9,AF9,FE_DEMOD1_TS_DATA[2],runtime_pin_display,0.96
IC100,AF9,AF9,AF9,FE_DEMOD1_TS_DATA[2],components_api,0.93
IC100,AG1,AG1,AG1,HDMI2.1_3_D2_+_IM90,runtime_pin_display,0.96
IC100,AG1,AG1,AG1,HDMI2.1_3_D2_+_IM90,components_api,0.93
IC100,AG23,AG23,AG23,GND,runtime_pin_display,0.96
IC100,AG23,AG23,AG23,GND,components_api,0.93
IC100,AG24,AG24,AG24,TPI_DATA[7],runtime_pin_display,0.96
IC100,AG24,AG24,AG24,TPI_DATA[7],components_api,0.93
IC100,AG25,AG25,AG25,TPI_DATA[6],runtime_pin_display,0.96
IC100,AG25,AG25,AG25,TPI_DATA[6],components_api,0.93
IC100,AG26,AG26,AG26,TPI_DATA[5],runtime_pin_display,0.96
IC100,AG26,AG26,AG26,TPI_DATA[5],components_api,0.93
IC100,AG27,AG27,AG27,TPI_DATA[4],runtime_pin_display,0.96
IC100,AG27,AG27,AG27,TPI_DATA[4],components_api,0.93
IC100,AG28,AG28,AG28,TPI_DATA[3],runtime_pin_display,0.96
IC100,AG28,AG28,AG28,TPI_DATA[3],components_api,0.93
IC100,AG29,AG29,AG29,EB_DATA[1],runtime_pin_display,0.96
IC100,AG29,AG29,AG29,EB_DATA[1],components_api,0.93
IC100,AG3,AG3,AG3,GND,runtime_pin_display,0.96
IC100,AG3,AG3,AG3,GND,components_api,0.93
IC100,AG30,AG30,AG30,EB_DATA[2],runtime_pin_display,0.96
IC100,AG30,AG30,AG30,EB_DATA[2],components_api,0.93
IC100,AH1,AH1,AH1,HDMI2.1_2_CK_-_IM90,runtime_pin_display,0.96
IC100,AH1,AH1,AH1,HDMI2.1_2_CK_-_IM90,components_api,0.93
IC100,AH2,AH2,AH2,GND,runtime_pin_display,0.96
IC100,AH2,AH2,AH2,GND,components_api,0.93
IC100,AH29,AH29,AH29,EB_ADDR[1],runtime_pin_display,0.96
IC100,AH29,AH29,AH29,EB_ADDR[1],components_api,0.93
IC100,AH3,AH3,AH3,GND,runtime_pin_display,0.96
IC100,AH3,AH3,AH3,GND,components_api,0.93
IC100,AH30,AH30,AH30,EB_ADDR[0],runtime_pin_display,0.96
IC100,AH30,AH30,AH30,EB_ADDR[0],components_api,0.93
IC100,AH31,AH31,AH31,EB_DATA[0],runtime_pin_display,0.96
IC100,AH31,AH31,AH31,EB_DATA[0],components_api,0.93
IC100,AH4,AH4,AH4,GND,runtime_pin_display,0.96
IC100,AH4,AH4,AH4,GND,components_api,0.93
IC100,AH5,AH5,AH5,FE_DEMOD1_TS_DATA[1],runtime_pin_display,0.96
IC100,AH5,AH5,AH5,FE_DEMOD1_TS_DATA[1],components_api,0.93
IC100,AH6,AH6,AH6,FE_DEMOD1_TS_DATA[0],runtime_pin_display,0.96
IC100,AH6,AH6,AH6,FE_DEMOD1_TS_DATA[0],components_api,0.93
IC100,AH7,AH7,AH7,I2C_SDA_2,runtime_pin_display,0.96
IC100,AH7,AH7,AH7,I2C_SDA_2,components_api,0.93
IC100,AH8,AH8,AH8,I2C_SCL_2,runtime_pin_display,0.96
IC100,AH8,AH8,AH8,I2C_SCL_2,components_api,0.93
IC100,AH9,AH9,AH9,ZUKEN_DUMMY,runtime_pin_display,0.96
IC100,AH9,AH9,AH9,ZUKEN_DUMMY,components_api,0.93
IC100,AJ1,AJ1,AJ1,HDMI2.1_2_CK_+_IM90,runtime_pin_display,0.96
IC100,AJ1,AJ1,AJ1,HDMI2.1_2_CK_+_IM90,components_api,0.93
IC100,AJ11,AJ11,AJ11,+CPU_1V0,runtime_pin_display,0.96
IC100,AJ11,AJ11,AJ11,+CPU_1V0,components_api,0.93
IC100,AJ15,AJ15,AJ15,COMBO_RESET,runtime_pin_display,0.96
IC100,AJ15,AJ15,AJ15,COMBO_RESET,components_api,0.93
IC100,AJ16,AJ16,AJ16,+D1V8,runtime_pin_display,0.96
IC100,AJ16,AJ16,AJ16,+D1V8,components_api,0.93
IC100,AJ18,AJ18,AJ18,IR_BLASTER_DET,runtime_pin_display,0.96
IC100,AJ18,AJ18,AJ18,IR_BLASTER_DET,components_api,0.93
IC100,AJ2,AJ2,AJ2,GND,runtime_pin_display,0.96
IC100,AJ2,AJ2,AJ2,GND,components_api,0.93
IC100,AJ20,AJ20,AJ20,PANEL_CTL,runtime_pin_display,0.96
IC100,AJ20,AJ20,AJ20,PANEL_CTL,components_api,0.93
IC100,AJ22,AJ22,AJ22,POR_PERIOD,runtime_pin_display,0.96
IC100,AJ22,AJ22,AJ22,POR_PERIOD,components_api,0.93
IC100,AJ23,AJ23,AJ23,KEY2,runtime_pin_display,0.96
IC100,AJ23,AJ23,AJ23,KEY2,components_api,0.93
IC100,AJ25,AJ25,AJ25,GND,runtime_pin_display,0.96
IC100,AJ25,AJ25,AJ25,GND,components_api,0.93
IC100,AJ27,AJ27,AJ27,DISCHARGE_CTR,runtime_pin_display,0.96
IC100,AJ27,AJ27,AJ27,DISCHARGE_CTR,components_api,0.93
IC100,AJ29,AJ29,AJ29,CAM_REG_N,runtime_pin_display,0.96
IC100,AJ29,AJ29,AJ29,CAM_REG_N,components_api,0.93
IC100,AJ3,AJ3,AJ3,HDMI2.1_2_D0_-_IM90,runtime_pin_display,0.96
IC100,AJ3,AJ3,AJ3,HDMI2.1_2_D0_-_IM90,components_api,0.93
IC100,AJ30,AJ30,AJ30,EB_ADDR[2],runtime_pin_display,0.96
IC100,AJ30,AJ30,AJ30,EB_ADDR[2],components_api,0.93
IC100,AK11,AK11,AK11,LED,runtime_pin_display,0.96
IC100,AK11,AK11,AK11,LED,components_api,0.93
IC100,AK16,AK16,AK16,LED_D_FB_PWM,runtime_pin_display,0.96
IC100,AK16,AK16,AK16,LED_D_FB_PWM,components_api,0.93
IC100,AK18,AK18,AK18,EEPROM_WP,runtime_pin_display,0.96
IC100,AK18,AK18,AK18,EEPROM_WP,components_api,0.93
IC100,AK23,AK23,AK23,SIGN001668,runtime_pin_display,0.96
IC100,AK23,AK23,AK23,SIGN001668,components_api,0.93
IC100,AK25,AK25,AK25,POWER_ON_OFF2_4,runtime_pin_display,0.96
IC100,AK25,AK25,AK25,POWER_ON_OFF2_4,components_api,0.93
IC100,AK27,AK27,AK27,MODE_SELECT_PWM1,runtime_pin_display,0.96
IC100,AK27,AK27,AK27,MODE_SELECT_PWM1,components_api,0.93
IC100,AK29,AK29,AK29,CAM_WAIT_N,runtime_pin_display,0.96
IC100,AK29,AK29,AK29,CAM_WAIT_N,components_api,0.93
IC100,AK3,AK3,AK3,HDMI2.1_2_D0_+_IM90,runtime_pin_display,0.96
IC100,AK3,AK3,AK3,HDMI2.1_2_D0_+_IM90,components_api,0.93
IC100,AK30,AK30,AK30,EB_ADDR[4],runtime_pin_display,0.96
IC100,AK30,AK30,AK30,EB_ADDR[4],components_api,0.93
IC100,AK31,AK31,AK31,EB_ADDR[3],runtime_pin_display,0.96
IC100,AK31,AK31,AK31,EB_ADDR[3],components_api,0.93
IC100,AK4,AK4,AK4,GND,runtime_pin_display,0.96
IC100,AK4,AK4,AK4,GND,components_api,0.93
IC100,AK5,AK5,AK5,GND,runtime_pin_display,0.96
IC100,AK5,AK5,AK5,GND,components_api,0.93
IC100,AK6,AK6,AK6,GND,runtime_pin_display,0.96
IC100,AK6,AK6,AK6,GND,components_api,0.93
IC100,AK7,AK7,AK7,HDMI_DET3,runtime_pin_display,0.96
IC100,AK7,AK7,AK7,HDMI_DET3,components_api,0.93
IC100,AK8,AK8,AK8,HDMI_DET4,runtime_pin_display,0.96
IC100,AK8,AK8,AK8,HDMI_DET4,components_api,0.93
IC100,AK9,AK9,AK9,CVBS_DET,runtime_pin_display,0.96
IC100,AK9,AK9,AK9,CVBS_DET,components_api,0.93
IC100,AL11,AL11,AL11,AMP_MUTE,runtime_pin_display,0.96
IC100,AL11,AL11,AL11,AMP_MUTE,components_api,0.93
IC100,AL13,AL13,AL13,BT_WAKEUP_HOST,runtime_pin_display,0.96
IC100,AL13,AL13,AL13,BT_WAKEUP_HOST,components_api,0.93
IC100,AL15,AL15,AL15,WIFI_EN,runtime_pin_display,0.96
IC100,AL15,AL15,AL15,WIFI_EN,components_api,0.93
IC100,AL16,AL16,AL16,WOV_RLON,runtime_pin_display,0.96
IC100,AL16,AL16,AL16,WOV_RLON,components_api,0.93
IC100,AL18,AL18,AL18,I2C_SCL_5,runtime_pin_display,0.96
IC100,AL18,AL18,AL18,I2C_SCL_5,components_api,0.93
IC100,AL20,AL20,AL20,UEI_IR_TX,runtime_pin_display,0.96
IC100,AL20,AL20,AL20,UEI_IR_TX,components_api,0.93
IC100,AL22,AL22,AL22,HDMI_DET2,runtime_pin_display,0.96
IC100,AL22,AL22,AL22,HDMI_DET2,components_api,0.93
IC100,AL23,AL23,AL23,GND,runtime_pin_display,0.96
IC100,AL23,AL23,AL23,GND,components_api,0.93
IC100,AL25,AL25,AL25,POWER_ON_OFF2_3,runtime_pin_display,0.96
IC100,AL25,AL25,AL25,POWER_ON_OFF2_3,components_api,0.93
IC100,AL27,AL27,AL27,INV_CTL,runtime_pin_display,0.96
IC100,AL27,AL27,AL27,INV_CTL,components_api,0.93
IC100,AL29,AL29,AL29,PCM_RESET,runtime_pin_display,0.96
IC100,AL29,AL29,AL29,PCM_RESET,components_api,0.93
IC100,AL3,AL3,AL3,GND,runtime_pin_display,0.96
IC100,AL3,AL3,AL3,GND,components_api,0.93
IC100,AL30,AL30,AL30,EB_ADDR[5],runtime_pin_display,0.96
IC100,AL30,AL30,AL30,EB_ADDR[5],components_api,0.93
IC100,AL4,AL4,AL4,GND,runtime_pin_display,0.96
IC100,AL4,AL4,AL4,GND,components_api,0.93
IC100,AM11,AM11,AM11,I2C_SDA_0,runtime_pin_display,0.96
IC100,AM11,AM11,AM11,I2C_SDA_0,components_api,0.93
IC100,AM13,AM13,AM13,GND,runtime_pin_display,0.96
IC100,AM13,AM13,AM13,GND,components_api,0.93
IC100,AM16,AM16,AM16,IR,runtime_pin_display,0.96
IC100,AM16,AM16,AM16,IR,components_api,0.93
IC100,AM18,AM18,AM18,I2C_SDA_5,runtime_pin_display,0.96
IC100,AM18,AM18,AM18,I2C_SDA_5,components_api,0.93
IC100,AM20,AM20,AM20,GND,runtime_pin_display,0.96
IC100,AM20,AM20,AM20,GND,components_api,0.93
IC100,AM23,AM23,AM23,SIGN001575,runtime_pin_display,0.96
IC100,AM23,AM23,AM23,SIGN001575,components_api,0.93
IC100,AM25,AM25,AM25,POWER_ON_OFF1,runtime_pin_display,0.96
IC100,AM25,AM25,AM25,POWER_ON_OFF1,components_api,0.93
IC100,AM27,AM27,AM27,LED_RGB,runtime_pin_display,0.96
IC100,AM27,AM27,AM27,LED_RGB,components_api,0.93
IC100,AM29,AM29,AM29,EB_ADDR[12],runtime_pin_display,0.96
IC100,AM29,AM29,AM29,EB_ADDR[12],components_api,0.93
IC100,AM3,AM3,AM3,HDMI2.1_2_D1_-_IM90,runtime_pin_display,0.96
IC100,AM3,AM3,AM3,HDMI2.1_2_D1_-_IM90,components_api,0.93
IC100,AM30,AM30,AM30,EB_ADDR[7],runtime_pin_display,0.96
IC100,AM30,AM30,AM30,EB_ADDR[7],components_api,0.93
IC100,AM31,AM31,AM31,EB_ADDR[6],runtime_pin_display,0.96
IC100,AM31,AM31,AM31,EB_ADDR[6],components_api,0.93
IC100,AM4,AM4,AM4,GND,runtime_pin_display,0.96
IC100,AM4,AM4,AM4,GND,components_api,0.93
IC100,AM5,AM5,AM5,ZUKEN_DUMMY,runtime_pin_display,0.96
IC100,AM5,AM5,AM5,ZUKEN_DUMMY,components_api,0.93
IC100,AM6,AM6,AM6,HDMI2.1_3_HPD,runtime_pin_display,0.96
IC100,AM6,AM6,AM6,HDMI2.1_3_HPD,components_api,0.93
IC100,AM7,AM7,AM7,HDMI2.1_3_5V_DET,runtime_pin_display,0.96
IC100,AM7,AM7,AM7,HDMI2.1_3_5V_DET,components_api,0.93
IC100,AM8,AM8,AM8,DDC_SDA_3,runtime_pin_display,0.96
IC100,AM8,AM8,AM8,DDC_SDA_3,components_api,0.93
IC100,AM9,AM9,AM9,DDC_SCL_3,runtime_pin_display,0.96
IC100,AM9,AM9,AM9,DDC_SCL_3,components_api,0.93
IC100,AN1,AN1,AN1,HDMI2.1_2_D2_-_IM90,runtime_pin_display,0.96
IC100,AN1,AN1,AN1,HDMI2.1_2_D2_-_IM90,components_api,0.93
IC100,AN11,AN11,AN11,I2C_SCL_0,runtime_pin_display,0.96
IC100,AN11,AN11,AN11,I2C_SCL_0,components_api,0.93
IC100,AN13,AN13,AN13,GND,runtime_pin_display,0.96
IC100,AN13,AN13,AN13,GND,components_api,0.93
IC100,AN15,AN15,AN15,WOL_WIFI_POWER_ON,runtime_pin_display,0.96
IC100,AN15,AN15,AN15,WOL_WIFI_POWER_ON,components_api,0.93
IC100,AN16,AN16,AN16,MIC_DATA_SOC,runtime_pin_display,0.96
IC100,AN16,AN16,AN16,MIC_DATA_SOC,components_api,0.93
IC100,AN18,AN18,AN18,HP_MUTE,runtime_pin_display,0.96
IC100,AN18,AN18,AN18,HP_MUTE,components_api,0.93
IC100,AN2,AN2,AN2,GND,runtime_pin_display,0.96
IC100,AN2,AN2,AN2,GND,components_api,0.93
IC100,AN20,AN20,AN20,GND,runtime_pin_display,0.96
IC100,AN20,AN20,AN20,GND,components_api,0.93
IC100,AN22,AN22,AN22,HDMI_DET1,runtime_pin_display,0.96
IC100,AN22,AN22,AN22,HDMI_DET1,components_api,0.93
IC100,AN23,AN23,AN23,SOC_TX,runtime_pin_display,0.96
IC100,AN23,AN23,AN23,SOC_TX,components_api,0.93
IC100,AN25,AN25,AN25,LSDAC,runtime_pin_display,0.96
IC100,AN25,AN25,AN25,LSDAC,components_api,0.93
IC100,AN27,AN27,AN27,RL_ON_SOC,runtime_pin_display,0.96
IC100,AN27,AN27,AN27,RL_ON_SOC,components_api,0.93
IC100,AN29,AN29,AN29,EB_WE_N,runtime_pin_display,0.96
IC100,AN29,AN29,AN29,EB_WE_N,components_api,0.93
IC100,AN3,AN3,AN3,HDMI2.1_2_D1_+_IM90,runtime_pin_display,0.96
IC100,AN3,AN3,AN3,HDMI2.1_2_D1_+_IM90,components_api,0.93
IC100,AN30,AN30,AN30,CAM_IREQ_N,runtime_pin_display,0.96
IC100,AN30,AN30,AN30,CAM_IREQ_N,components_api,0.93
IC100,AP1,AP1,AP1,HDMI2.1_2_D2_+_IM90,runtime_pin_display,0.96
IC100,AP1,AP1,AP1,HDMI2.1_2_D2_+_IM90,components_api,0.93
IC100,AP11,AP11,AP11,GND,runtime_pin_display,0.96
IC100,AP11,AP11,AP11,GND,components_api,0.93
IC100,AP13,AP13,AP13,GND,runtime_pin_display,0.96
IC100,AP13,AP13,AP13,GND,components_api,0.93
IC100,AP14,AP14,AP14,GND,runtime_pin_display,0.96
IC100,AP14,AP14,AP14,GND,components_api,0.93
IC100,AP15,AP15,AP15,GND,runtime_pin_display,0.96
IC100,AP15,AP15,AP15,GND,components_api,0.93
IC100,AP16,AP16,AP16,GND,runtime_pin_display,0.96
IC100,AP16,AP16,AP16,GND,components_api,0.93
IC100,AP17,AP17,AP17,GND,runtime_pin_display,0.96
IC100,AP17,AP17,AP17,GND,components_api,0.93
IC100,AP18,AP18,AP18,GND,runtime_pin_display,0.96
IC100,AP18,AP18,AP18,GND,components_api,0.93
IC100,AP20,AP20,AP20,GND,runtime_pin_display,0.96
IC100,AP20,AP20,AP20,GND,components_api,0.93
IC100,AP21,AP21,AP21,GND,runtime_pin_display,0.96
IC100,AP21,AP21,AP21,GND,components_api,0.93
IC100,AP22,AP22,AP22,GND,runtime_pin_display,0.96
IC100,AP22,AP22,AP22,GND,components_api,0.93
IC100,AP23,AP23,AP23,SOC_RX,runtime_pin_display,0.96
IC100,AP23,AP23,AP23,SOC_RX,components_api,0.93
IC100,AP25,AP25,AP25,GND,runtime_pin_display,0.96
IC100,AP25,AP25,AP25,GND,components_api,0.93
IC100,AP27,AP27,AP27,POWER_DET,runtime_pin_display,0.96
IC100,AP27,AP27,AP27,POWER_DET,components_api,0.93
IC100,AP29,AP29,AP29,EB_ADDR[8],runtime_pin_display,0.96
IC100,AP29,AP29,AP29,EB_ADDR[8],components_api,0.93
IC100,AP3,AP3,AP3,GND,runtime_pin_display,0.96
IC100,AP3,AP3,AP3,GND,components_api,0.93
IC100,AP30,AP30,AP30,EB_ADDR[13],runtime_pin_display,0.96
IC100,AP30,AP30,AP30,EB_ADDR[13],components_api,0.93
IC100,AP31,AP31,AP31,EB_ADDR[14],runtime_pin_display,0.96
IC100,AP31,AP31,AP31,EB_ADDR[14],components_api,0.93
IC100,AP4,AP4,AP4,GND,runtime_pin_display,0.96
IC100,AP4,AP4,AP4,GND,components_api,0.93
IC100,AP5,AP5,AP5,GND,runtime_pin_display,0.96
IC100,AP5,AP5,AP5,GND,components_api,0.93
IC100,AP6,AP6,AP6,GND,runtime_pin_display,0.96
IC100,AP6,AP6,AP6,GND,components_api,0.93
IC100,AP7,AP7,AP7,GND,runtime_pin_display,0.96
IC100,AP7,AP7,AP7,GND,components_api,0.93
IC100,AP8,AP8,AP8,GND,runtime_pin_display,0.96
IC100,AP8,AP8,AP8,GND,components_api,0.93
IC100,AP9,AP9,AP9,GND,runtime_pin_display,0.96
IC100,AP9,AP9,AP9,GND,components_api,0.93
IC100,AR10,AR10,AR10,GND,runtime_pin_display,0.96
IC100,AR10,AR10,AR10,GND,components_api,0.93
IC100,AR11,AR11,AR11,GND,runtime_pin_display,0.96
IC100,AR11,AR11,AR11,GND,components_api,0.93
IC100,AR12,AR12,AR12,HDMI2.0_4_D0_-_IM90,runtime_pin_display,0.96
IC100,AR12,AR12,AR12,HDMI2.0_4_D0_-_IM90,components_api,0.93
IC100,AR13,AR13,AR13,HDMI2.0_4_D0_+_IM90,runtime_pin_display,0.96
IC100,AR13,AR13,AR13,HDMI2.0_4_D0_+_IM90,components_api,0.93
IC100,AR14,AR14,AR14,GND,runtime_pin_display,0.96
IC100,AR14,AR14,AR14,GND,components_api,0.93
IC100,AR15,AR15,AR15,HDMI2.0_4_D1_-_IM90,runtime_pin_display,0.96
IC100,AR15,AR15,AR15,HDMI2.0_4_D1_-_IM90,components_api,0.93
IC100,AR16,AR16,AR16,HDMI2.0_4_D1_+_IM90,runtime_pin_display,0.96
IC100,AR16,AR16,AR16,HDMI2.0_4_D1_+_IM90,components_api,0.93
IC100,AR17,AR17,AR17,GND,runtime_pin_display,0.96
IC100,AR17,AR17,AR17,GND,components_api,0.93
IC100,AR18,AR18,AR18,GND,runtime_pin_display,0.96
IC100,AR18,AR18,AR18,GND,components_api,0.93
IC100,AR19,AR19,AR19,HDMI2.0_1_HPD,runtime_pin_display,0.96
IC100,AR19,AR19,AR19,HDMI2.0_1_HPD,components_api,0.93
IC100,AR2,AR2,AR2,USB2.0_1_DM_IM90,runtime_pin_display,0.96
IC100,AR2,AR2,AR2,USB2.0_1_DM_IM90,components_api,0.93
IC100,AR20,AR20,AR20,DDC_SDA_1,runtime_pin_display,0.96
IC100,AR20,AR20,AR20,DDC_SDA_1,components_api,0.93
IC100,AR21,AR21,AR21,HDMI2.1_2_5V_DET,runtime_pin_display,0.96
IC100,AR21,AR21,AR21,HDMI2.1_2_5V_DET,components_api,0.93
IC100,AR22,AR22,AR22,DDC_SCL_2,runtime_pin_display,0.96
IC100,AR22,AR22,AR22,DDC_SCL_2,components_api,0.93
IC100,AR23,AR23,AP22,GND,siw_coord_net,0.91
IC100,AR24,AR24,AR25,EB_DATA[3],siw_coord_only,0.72
IC100,AR25,AR25,AR25,EB_DATA[3],runtime_pin_display,0.96
IC100,AR25,AR25,AR25,EB_DATA[3],components_api,0.93
IC100,AR26,AR26,AR26,EB_DATA[5],runtime_pin_display,0.96
IC100,AR26,AR26,AR26,EB_DATA[5],components_api,0.93
IC100,AR27,AR27,AR27,_PCM_CE1,runtime_pin_display,0.96
IC100,AR27,AR27,AR27,_PCM_CE1,components_api,0.93
IC100,AR28,AR28,AR28,EB_OE_N,runtime_pin_display,0.96
IC100,AR28,AR28,AR28,EB_OE_N,components_api,0.93
IC100,AR30,AR30,AR30,EB_ADDR[11],runtime_pin_display,0.96
IC100,AR30,AR30,AR30,EB_ADDR[11],components_api,0.93
IC100,AR4,AR4,AR4,GND,runtime_pin_display,0.96
IC100,AR4,AR4,AR4,GND,components_api,0.93
IC100,AR5,AR5,AR5,HDMI2.0_1_D0_-_IM90,runtime_pin_display,0.96
IC100,AR5,AR5,AR5,HDMI2.0_1_D0_-_IM90,components_api,0.93
IC100,AR6,AR6,AR6,HDMI2.0_1_D0_+_IM90,runtime_pin_display,0.96
IC100,AR6,AR6,AR6,HDMI2.0_1_D0_+_IM90,components_api,0.93
IC100,AR7,AR7,AR7,GND,runtime_pin_display,0.96
IC100,AR7,AR7,AR7,GND,components_api,0.93
IC100,AR8,AR8,AR8,HDMI2.0_1_D1_-_IM90,runtime_pin_display,0.96
IC100,AR8,AR8,AR8,HDMI2.0_1_D1_-_IM90,components_api,0.93
IC100,AR9,AR9,AR9,HDMI2.0_1_D1_+_IM90,runtime_pin_display,0.96
IC100,AR9,AR9,AR9,HDMI2.0_1_D1_+_IM90,components_api,0.93
IC100,AT1,AT1,AT1,USB2.0_1_DP_IM90,runtime_pin_display,0.96
IC100,AT1,AT1,AT1,USB2.0_1_DP_IM90,components_api,0.93
IC100,AT11,AT11,AT11,GND,runtime_pin_display,0.96
IC100,AT11,AT11,AT11,GND,components_api,0.93
IC100,AT12,AT12,AT12,GND,runtime_pin_display,0.96
IC100,AT12,AT12,AT12,GND,components_api,0.93
IC100,AT16,AT16,AT16,GND,runtime_pin_display,0.96
IC100,AT16,AT16,AT16,GND,components_api,0.93
IC100,AT18,AT18,AT18,GND,runtime_pin_display,0.96
IC100,AT18,AT18,AT18,GND,components_api,0.93
IC100,AT19,AT19,AT19,GND,runtime_pin_display,0.96
IC100,AT19,AT19,AT19,GND,components_api,0.93
IC100,AT20,AT20,AT20,HDMI2.0_1_5V_DET,runtime_pin_display,0.96
IC100,AT20,AT20,AT20,HDMI2.0_1_5V_DET,components_api,0.93
IC100,AT21,AT21,AT21,HDMI2.1_2_HPD,runtime_pin_display,0.96
IC100,AT21,AT21,AT21,HDMI2.1_2_HPD,components_api,0.93
IC100,AT22,AT22,AT22,DDC_SDA_2,runtime_pin_display,0.96
IC100,AT22,AT22,AT22,DDC_SDA_2,components_api,0.93
IC100,AT23,AT23,AT23,HW_CEC,runtime_pin_display,0.96
IC100,AT23,AT23,AT23,HW_CEC,components_api,0.93
IC100,AT24,AT24,AT23,HW_CEC,siw_coord_only,0.72
IC100,AT25,AT25,AT25,CAM_CD1_N,runtime_pin_display,0.96
IC100,AT25,AT25,AT25,CAM_CD1_N,components_api,0.93
IC100,AT26,AT26,AT26,EB_DATA[4],runtime_pin_display,0.96
IC100,AT26,AT26,AT26,EB_DATA[4],components_api,0.93
IC100,AT27,AT27,AT27,EB_DATA[7],runtime_pin_display,0.96
IC100,AT27,AT27,AT27,EB_DATA[7],components_api,0.93
IC100,AT28,AT28,AT28,EB_ADDR[10],runtime_pin_display,0.96
IC100,AT28,AT28,AT28,EB_ADDR[10],components_api,0.93
IC100,AT29,AT29,AT29,EB_BE_N1,runtime_pin_display,0.96
IC100,AT29,AT29,AT29,EB_BE_N1,components_api,0.93
IC100,AT3,AT3,AT3,EARC_P_SOC_IM100,runtime_pin_display,0.96
IC100,AT3,AT3,AT3,EARC_P_SOC_IM100,components_api,0.93
IC100,AT31,AT31,AT31,EB_ADDR[9],runtime_pin_display,0.96
IC100,AT31,AT31,AT31,EB_ADDR[9],components_api,0.93
IC100,AT4,AT4,AT4,GND,runtime_pin_display,0.96
IC100,AT4,AT4,AT4,GND,components_api,0.93
IC100,AT5,AT5,AT5,GND,runtime_pin_display,0.96
IC100,AT5,AT5,AT5,GND,components_api,0.93
IC100,AT9,AT9,AT9,GND,runtime_pin_display,0.96
IC100,AT9,AT9,AT9,GND,components_api,0.93
IC100,AU10,AU10,AU10,HDMI2.0_1_D2_+_IM90,runtime_pin_display,0.96
IC100,AU10,AU10,AU10,HDMI2.0_1_D2_+_IM90,components_api,0.93
IC100,AU11,AU11,AU11,HDMI2.0_4_CK_-_IM90,runtime_pin_display,0.96
IC100,AU11,AU11,AU11,HDMI2.0_4_CK_-_IM90,components_api,0.93
IC100,AU12,AU12,AU12,HDMI2.0_4_CK_+_IM90,runtime_pin_display,0.96
IC100,AU12,AU12,AU12,HDMI2.0_4_CK_+_IM90,components_api,0.93
IC100,AU16,AU16,AU16,HDMI2.0_4_D2_-_IM90,runtime_pin_display,0.96
IC100,AU16,AU16,AU16,HDMI2.0_4_D2_-_IM90,components_api,0.93
IC100,AU17,AU17,AU17,HDMI2.0_4_D2_+_IM90,runtime_pin_display,0.96
IC100,AU17,AU17,AU17,HDMI2.0_4_D2_+_IM90,components_api,0.93
IC100,AU18,AU18,AU18,GND,runtime_pin_display,0.96
IC100,AU18,AU18,AU18,GND,components_api,0.93
IC100,AU19,AU19,AU19,SIGN006323,runtime_pin_display,0.96
IC100,AU19,AU19,AU19,SIGN006323,components_api,0.93
IC100,AU2,AU2,AU2,EARC_N_SOC_IM100,runtime_pin_display,0.96
IC100,AU2,AU2,AU2,EARC_N_SOC_IM100,components_api,0.93
IC100,AU21,AU21,AU21,DDC_SCL_1,runtime_pin_display,0.96
IC100,AU21,AU21,AU21,DDC_SCL_1,components_api,0.93
IC100,AU23,AU23,AU25,GND,siw_coord_net,0.91
IC100,AU25,AU25,AU25,GND,runtime_pin_display,0.96
IC100,AU25,AU25,AU25,GND,components_api,0.93
IC100,AU27,AU27,AU27,EB_DATA[6],runtime_pin_display,0.96
IC100,AU27,AU27,AU27,EB_DATA[6],components_api,0.93
IC100,AU30,AU30,AU30,EB_BE_N0,runtime_pin_display,0.96
IC100,AU30,AU30,AU30,EB_BE_N0,components_api,0.93
IC100,AU4,AU4,AU4,HDMI2.0_1_CK_-_IM90,runtime_pin_display,0.96
IC100,AU4,AU4,AU4,HDMI2.0_1_CK_-_IM90,components_api,0.93
IC100,AU5,AU5,AU5,HDMI2.0_1_CK_+_IM90,runtime_pin_display,0.96
IC100,AU5,AU5,AU5,HDMI2.0_1_CK_+_IM90,components_api,0.93
IC100,AU9,AU9,AU9,HDMI2.0_1_D2_-_IM90,runtime_pin_display,0.96
IC100,AU9,AU9,AU9,HDMI2.0_1_D2_-_IM90,components_api,0.93
IC100,B1,B1,B1,EPHY_TD_P_IM100,runtime_pin_display,0.96
IC100,B1,B1,B1,EPHY_TD_P_IM100,components_api,0.93
IC100,B10,B10,B10,TX_N_1_IM100,runtime_pin_display,0.96
IC100,B10,B10,B10,TX_N_1_IM100,components_api,0.93
IC100,B11,B11,B11,TX_N_2_IM100,runtime_pin_display,0.96
IC100,B11,B11,B11,TX_N_2_IM100,components_api,0.93
IC100,B12,B12,B12,GND,runtime_pin_display,0.96
IC100,B12,B12,B12,GND,components_api,0.93
IC100,B13,B13,B13,GND,runtime_pin_display,0.96
IC100,B13,B13,B13,GND,components_api,0.93
IC100,B14,B14,B14,TX_P_4_IM100,runtime_pin_display,0.96
IC100,B14,B14,B14,TX_P_4_IM100,components_api,0.93
IC100,B15,B15,B15,TX_P_5_IM100,runtime_pin_display,0.96
IC100,B15,B15,B15,TX_P_5_IM100,components_api,0.93
IC100,B16,B16,B16,TX_N_6_IM100,runtime_pin_display,0.96
IC100,B16,B16,B16,TX_N_6_IM100,components_api,0.93
IC100,B17,B17,B17,TX_N_7_IM100,runtime_pin_display,0.96
IC100,B17,B17,B17,TX_N_7_IM100,components_api,0.93
IC100,B18,B18,B18,GND,runtime_pin_display,0.96
IC100,B18,B18,B18,GND,components_api,0.93
IC100,B19,B19,B19,GND,runtime_pin_display,0.96
IC100,B19,B19,B19,GND,components_api,0.93
IC100,B20,B20,B20,TX_P_9_IM100,runtime_pin_display,0.96
IC100,B20,B20,B20,TX_P_9_IM100,components_api,0.93
IC100,B21,B21,B21,TX_P_10_IM100,runtime_pin_display,0.96
IC100,B21,B21,B21,TX_P_10_IM100,components_api,0.93
IC100,B22,B22,B22,TX_N_11_IM100,runtime_pin_display,0.96
IC100,B22,B22,B22,TX_N_11_IM100,components_api,0.93
IC100,B23,B23,B23,TX_N_12_IM100,runtime_pin_display,0.96
IC100,B23,B23,B23,TX_N_12_IM100,components_api,0.93
IC100,B24,B24,B24,GND,runtime_pin_display,0.96
IC100,B24,B24,B24,GND,components_api,0.93
IC100,B25,B25,B25,GND,runtime_pin_display,0.96
IC100,B25,B25,B25,GND,components_api,0.93
IC100,B26,B26,B26,TX_P_14_IM100,runtime_pin_display,0.96
IC100,B26,B26,B26,TX_P_14_IM100,components_api,0.93
IC100,B27,B27,B27,TX_P_15_IM100,runtime_pin_display,0.96
IC100,B27,B27,B27,TX_P_15_IM100,components_api,0.93
IC100,B28,B28,B28,SIGN003116,runtime_pin_display,0.96
IC100,B28,B28,B28,SIGN003116,components_api,0.93
IC100,B29,B29,D27,GND,siw_coord_net,0.86
IC100,B3,B3,B3,_PQ_BYPASS_DISABLE,runtime_pin_display,0.96
IC100,B3,B3,B3,_PQ_BYPASS_DISABLE,components_api,0.93
IC100,B31,B31,D27,GND,siw_coord_net,0.86
IC100,B4,B4,B4,SIGN001633,runtime_pin_display,0.96
IC100,B4,B4,B4,SIGN001633,components_api,0.93
IC100,B5,B5,B5,I2S_AMP,runtime_pin_display,0.96
IC100,B5,B5,B5,I2S_AMP,components_api,0.93
IC100,B6,B6,B6,I2C_SDA_3,runtime_pin_display,0.96
IC100,B6,B6,B6,I2C_SDA_3,components_api,0.93
IC100,B7,B7,B7,EPI_FCIC_CS,runtime_pin_display,0.96
IC100,B7,B7,B7,EPI_FCIC_CS,components_api,0.93
IC100,B8,B8,B8,EPI_FCIC_MOSI,runtime_pin_display,0.96
IC100,B8,B8,B8,EPI_FCIC_MOSI,components_api,0.93
IC100,B9,B9,B9,TX_P_0_IM100,runtime_pin_display,0.96
IC100,B9,B9,B9,TX_P_0_IM100,components_api,0.93
IC100,C10,C10,C10,GND,runtime_pin_display,0.96
IC100,C10,C10,C10,GND,components_api,0.93
IC100,C11,C11,C11,GND,runtime_pin_display,0.96
IC100,C11,C11,C11,GND,components_api,0.93
IC100,C12,C12,C12,TX_P_2_IM100,runtime_pin_display,0.96
IC100,C12,C12,C12,TX_P_2_IM100,components_api,0.93
IC100,C13,C13,C13,TX_P_3_IM100,runtime_pin_display,0.96
IC100,C13,C13,C13,TX_P_3_IM100,components_api,0.93
IC100,C14,C14,C14,TX_N_4_IM100,runtime_pin_display,0.96
IC100,C14,C14,C14,TX_N_4_IM100,components_api,0.93
IC100,C15,C15,C15,TX_N_5_IM100,runtime_pin_display,0.96
IC100,C15,C15,C15,TX_N_5_IM100,components_api,0.93
IC100,C16,C16,C16,GND,runtime_pin_display,0.96
IC100,C16,C16,C16,GND,components_api,0.93
IC100,C17,C17,C17,GND,runtime_pin_display,0.96
IC100,C17,C17,C17,GND,components_api,0.93
IC100,C18,C18,C18,TX_P_7_IM100,runtime_pin_display,0.96
IC100,C18,C18,C18,TX_P_7_IM100,components_api,0.93
IC100,C19,C19,C19,TX_P_8_IM100,runtime_pin_display,0.96
IC100,C19,C19,C19,TX_P_8_IM100,components_api,0.93
IC100,C2,C2,C2,EPHY_RD_N_IM100,runtime_pin_display,0.96
IC100,C2,C2,C2,EPHY_RD_N_IM100,components_api,0.93
IC100,C20,C20,C20,TX_N_9_IM100,runtime_pin_display,0.96
IC100,C20,C20,C20,TX_N_9_IM100,components_api,0.93
IC100,C21,C21,C21,TX_N_10_IM100,runtime_pin_display,0.96
IC100,C21,C21,C21,TX_N_10_IM100,components_api,0.93
IC100,C22,C22,C22,GND,runtime_pin_display,0.96
IC100,C22,C22,C22,GND,components_api,0.93
IC100,C23,C23,C23,GND,runtime_pin_display,0.96
IC100,C23,C23,C23,GND,components_api,0.93
IC100,C24,C24,C24,TX_P_12_IM100,runtime_pin_display,0.96
IC100,C24,C24,C24,TX_P_12_IM100,components_api,0.93
IC100,C25,C25,C25,TX_P_13_IM100,runtime_pin_display,0.96
IC100,C25,C25,C25,TX_P_13_IM100,components_api,0.93
IC100,C26,C26,C26,TX_N_14_IM100,runtime_pin_display,0.96
IC100,C26,C26,C26,TX_N_14_IM100,components_api,0.93
IC100,C27,C27,C27,TX_N_15_IM100,runtime_pin_display,0.96
IC100,C27,C27,C27,TX_N_15_IM100,components_api,0.93
IC100,C30,C30,C30,+VREF_SOC,runtime_pin_display,0.96
IC100,C30,C30,C30,+VREF_SOC,components_api,0.93
IC100,C4,C4,C4,SIGN001630,runtime_pin_display,0.96
IC100,C4,C4,C4,SIGN001630,components_api,0.93
IC100,C5,C5,C5,SIGN001666,runtime_pin_display,0.96
IC100,C5,C5,C5,SIGN001666,components_api,0.93
IC100,C6,C6,C6,I2C_SCL_3,runtime_pin_display,0.96
IC100,C6,C6,C6,I2C_SCL_3,components_api,0.93
IC100,C7,C7,C7,EPI_FCIC_MISO,runtime_pin_display,0.96
IC100,C7,C7,C7,EPI_FCIC_MISO,components_api,0.93
IC100,C8,C8,C8,EPI_FCIC_CLK,runtime_pin_display,0.96
IC100,C8,C8,C8,EPI_FCIC_CLK,components_api,0.93
IC100,C9,C9,C9,TX_N_0_IM100,runtime_pin_display,0.96
IC100,C9,C9,C9,TX_N_0_IM100,components_api,0.93
IC100,D2,D2,D2,GND,runtime_pin_display,0.96
IC100,D2,D2,D2,GND,components_api,0.93
IC100,D22,D22,D22,GND,runtime_pin_display,0.96
IC100,D22,D22,D22,GND,components_api,0.93
IC100,D25,D25,D25,GND,runtime_pin_display,0.96
IC100,D25,D25,D25,GND,components_api,0.93
IC100,D26,D26,D26,GND,runtime_pin_display,0.96
IC100,D26,D26,D26,GND,components_api,0.93
IC100,D27,D27,D27,GND,runtime_pin_display,0.96
IC100,D27,D27,D27,GND,components_api,0.93
IC100,D3,D3,D3,EPHY_RD_P_IM100,runtime_pin_display,0.96
IC100,D3,D3,D3,EPHY_RD_P_IM100,components_api,0.93
IC100,D30,D30,F31,+1.2V_DDR,siw_coord_net,0.91
IC100,D31,D31,F31,+1.2V_DDR,siw_coord_net,0.91
IC100,E1,E1,E1,WIFI_USB2.0_DM_IM90,runtime_pin_display,0.96
IC100,E1,E1,E1,WIFI_USB2.0_DM_IM90,components_api,0.93
IC100,E10,E10,E10,EPI_EO,runtime_pin_display,0.96
IC100,E10,E10,E10,EPI_EO,components_api,0.93
IC100,E2,E2,E2,USB2.0_2_DP_IM90,runtime_pin_display,0.96
IC100,E2,E2,E2,USB2.0_2_DP_IM90,components_api,0.93
IC100,E29,E29,F31,+1.2V_DDR,siw_coord_net,0.91
IC100,E3,E3,E3,USB2.0_2_DM_IM90,runtime_pin_display,0.96
IC100,E3,E3,E3,USB2.0_2_DM_IM90,components_api,0.93
IC100,E30,E30,F31,+1.2V_DDR,siw_coord_net,0.91
IC100,E31,E31,F31,+1.2V_DDR,siw_coord_net,0.91
IC100,E4,E4,E4,EPI_GCLK,runtime_pin_display,0.96
IC100,E4,E4,E4,EPI_GCLK,components_api,0.93
IC100,E5,E5,E5,EPI_MCLK,runtime_pin_display,0.96
IC100,E5,E5,E5,EPI_MCLK,components_api,0.93
IC100,E6,E6,E6,TCON_OD_CTL,runtime_pin_display,0.96
IC100,E6,E6,E6,TCON_OD_CTL,components_api,0.93
IC100,E7,E7,E7,LNB_PWR_SEL,runtime_pin_display,0.96
IC100,E7,E7,E7,LNB_PWR_SEL,components_api,0.93
IC100,E8,E8,E8,UART1_RTS,runtime_pin_display,0.96
IC100,E8,E8,E8,UART1_RTS,components_api,0.93
IC100,E9,E9,E9,UART1_CTS,runtime_pin_display,0.96
IC100,E9,E9,E9,UART1_CTS,components_api,0.93
IC100,F18,F18,F18,GND,runtime_pin_display,0.96
IC100,F18,F18,F18,GND,components_api,0.93
IC100,F2,F2,F2,GND,runtime_pin_display,0.96
IC100,F2,F2,F2,GND,components_api,0.93
IC100,F20,F20,F20,GND,runtime_pin_display,0.96
IC100,F20,F20,F20,GND,components_api,0.93
IC100,F27,F27,F27,SIGN004218,runtime_pin_display,0.96
IC100,F27,F27,F27,SIGN004218,components_api,0.93
IC100,F28,F28,H27,GND,siw_coord_net,0.91
IC100,F29,F29,F31,+1.2V_DDR,siw_coord_net,0.91
IC100,F3,F3,F3,WIFI_USB2.0_DP_IM90,runtime_pin_display,0.96
IC100,F3,F3,F3,WIFI_USB2.0_DP_IM90,components_api,0.93
IC100,F30,F30,F31,+1.2V_DDR,siw_coord_net,0.91
IC100,F31,F31,F31,+1.2V_DDR,runtime_pin_display,0.96
IC100,F31,F31,F31,+1.2V_DDR,components_api,0.93
IC100,F5,F5,F5,PWM_DIM1,runtime_pin_display,0.96
IC100,F5,F5,F5,PWM_DIM1,components_api,0.93
IC100,F7,F7,F7,PWM_DIM2,runtime_pin_display,0.96
IC100,F7,F7,F7,PWM_DIM2,components_api,0.93
IC100,F9,F9,F9,EPI_VST,runtime_pin_display,0.96
IC100,F9,F9,F9,EPI_VST,components_api,0.93
IC100,G1,G1,G1,ZUKEN_DUMMY,runtime_pin_display,0.96
IC100,G1,G1,G1,ZUKEN_DUMMY,components_api,0.93
IC100,G2,G2,G2,SIGN006400,runtime_pin_display,0.96
IC100,G2,G2,G2,SIGN006400,components_api,0.93
IC100,G29,G29,J29,GND,siw_coord_net,0.91
IC100,G3,G3,G3,SIGN006412,runtime_pin_display,0.96
IC100,G3,G3,G3,SIGN006412,components_api,0.93
IC100,G30,G30,H31,GND,siw_coord_net,0.91
IC100,G31,G31,G31,+2.5V_DDR4_VPP,runtime_pin_display,0.96
IC100,G31,G31,G31,+2.5V_DDR4_VPP,components_api,0.93
IC100,G4,G4,G4,LOCK_IN,runtime_pin_display,0.96
IC100,G4,G4,G4,LOCK_IN,components_api,0.93
IC100,G5,G5,G5,GP14,runtime_pin_display,0.96
IC100,G5,G5,G5,GP14,components_api,0.93
IC100,G6,G6,G6,UART1_TX,runtime_pin_display,0.96
IC100,G6,G6,G6,UART1_TX,components_api,0.93
IC100,G7,G7,G7,UART1_RX,runtime_pin_display,0.96
IC100,G7,G7,G7,UART1_RX,components_api,0.93
IC100,G8,G8,G8,L_DIM_M0_VS_OLED_QSM_EN,runtime_pin_display,0.96
IC100,G8,G8,G8,L_DIM_M0_VS_OLED_QSM_EN,components_api,0.93
IC100,G9,G9,G9,L_DIM_M0_MOSI_1_OLED_DPC_CTL,runtime_pin_display,0.96
IC100,G9,G9,G9,L_DIM_M0_MOSI_1_OLED_DPC_CTL,components_api,0.93
IC100,H18,H18,H18,GND,runtime_pin_display,0.96
IC100,H18,H18,H18,GND,components_api,0.93
IC100,H2,H2,H2,ZUKEN_DUMMY,runtime_pin_display,0.96
IC100,H2,H2,H2,ZUKEN_DUMMY,components_api,0.93
IC100,H27,H27,H27,GND,runtime_pin_display,0.96
IC100,H27,H27,H27,GND,components_api,0.93
IC100,H29,H29,J29,GND,siw_coord_net,0.91
IC100,H3,H3,H3,ZUKEN_DUMMY,runtime_pin_display,0.96
IC100,H3,H3,H3,ZUKEN_DUMMY,components_api,0.93
IC100,H30,H30,J30,GND,siw_coord_net,0.91
IC100,H31,H31,H31,GND,runtime_pin_display,0.96
IC100,H31,H31,H31,GND,components_api,0.93
IC100,J1,J1,J1,SIGN00615,runtime_pin_display,0.96
IC100,J1,J1,J1,SIGN00615,components_api,0.93
IC100,J2,J2,J2,AUDA_OUTL,runtime_pin_display,0.96
IC100,J2,J2,J2,AUDA_OUTL,components_api,0.93
IC100,J26,J26,J26,GND,runtime_pin_display,0.96
IC100,J26,J26,J26,GND,components_api,0.93
IC100,J28,J28,J28,GND,runtime_pin_display,0.96
IC100,J28,J28,J28,GND,components_api,0.93
IC100,J29,J29,J29,GND,runtime_pin_display,0.96
IC100,J29,J29,J29,GND,components_api,0.93
IC100,J3,J3,J3,AUDA_OUTR,runtime_pin_display,0.96
IC100,J3,J3,J3,AUDA_OUTR,components_api,0.93
IC100,J30,J30,J30,GND,runtime_pin_display,0.96
IC100,J30,J30,J30,GND,components_api,0.93
IC100,J31,J31,J31,GND,runtime_pin_display,0.96
IC100,J31,J31,J31,GND,components_api,0.93
IC100,J4,J4,J4,GND,runtime_pin_display,0.96
IC100,J4,J4,J4,GND,components_api,0.93
IC100,J5,J5,J5,GND,runtime_pin_display,0.96
IC100,J5,J5,J5,GND,components_api,0.93
IC100,J6,J6,J6,GND,runtime_pin_display,0.96
IC100,J6,J6,J6,GND,components_api,0.93
IC100,J7,J7,J7,L_DIM_M0_SCLK_OLED_TCON_FW,runtime_pin_display,0.96
IC100,J7,J7,J7,L_DIM_M0_SCLK_OLED_TCON_FW,components_api,0.93
IC100,J9,J9,J9,SIGN006504,runtime_pin_display,0.96
IC100,J9,J9,J9,SIGN006504,components_api,0.93
IC100,K11,K11,M9,GND,siw_coord_net,0.86
IC100,K12,K12,K13,+D1V0,siw_coord_net,0.91
IC100,K13,K13,K13,+D1V0,runtime_pin_display,0.96
IC100,K13,K13,K13,+D1V0,components_api,0.93
IC100,K14,K14,K14,+D1V0,runtime_pin_display,0.96
IC100,K14,K14,K14,+D1V0,components_api,0.93
IC100,K16,K16,K16,GND,runtime_pin_display,0.96
IC100,K16,K16,K16,GND,components_api,0.93
IC100,K2,K2,K2,SIGN006396,runtime_pin_display,0.96
IC100,K2,K2,K2,SIGN006396,components_api,0.93
IC100,K25,K25,K25,GND,runtime_pin_display,0.96
IC100,K25,K25,K25,GND,components_api,0.93
IC100,K27,K27,K27,GND,runtime_pin_display,0.96
IC100,K27,K27,K27,GND,components_api,0.93
IC100,K29,K29,K29,GND,runtime_pin_display,0.96
IC100,K29,K29,K29,GND,components_api,0.93
IC100,K3,K3,K3,SIGN006399,runtime_pin_display,0.96
IC100,K3,K3,K3,SIGN006399,components_api,0.93
IC100,K30,K30,K30,GND,runtime_pin_display,0.96
IC100,K30,K30,K30,GND,components_api,0.93
IC100,K31,K31,K31,GND,runtime_pin_display,0.96
IC100,K31,K31,K31,GND,components_api,0.93
IC100,L1,L1,L1,IF_S_IN,runtime_pin_display,0.96
IC100,L1,L1,L1,IF_S_IN,components_api,0.93
IC100,L2,L2,L2,IF_S_IP,runtime_pin_display,0.96
IC100,L2,L2,L2,IF_S_IP,components_api,0.93
IC100,L24,L24,L24,GND,runtime_pin_display,0.96
IC100,L24,L24,L24,GND,components_api,0.93
IC100,L26,L26,L26,GND,runtime_pin_display,0.96
IC100,L26,L26,L26,GND,components_api,0.93
IC100,L28,L28,L28,GND,runtime_pin_display,0.96
IC100,L28,L28,L28,GND,components_api,0.93
IC100,L29,L29,L29,GND,runtime_pin_display,0.96
IC100,L29,L29,L29,GND,components_api,0.93
IC100,L3,L3,L3,GND,runtime_pin_display,0.96
IC100,L3,L3,L3,GND,components_api,0.93
IC100,L30,L30,L30,GND,runtime_pin_display,0.96
IC100,L30,L30,L30,GND,components_api,0.93
IC100,L31,L31,L31,GND,runtime_pin_display,0.96
IC100,L31,L31,L31,GND,components_api,0.93
IC100,L5,L5,L5,SIGN006505,runtime_pin_display,0.96
IC100,L5,L5,L5,SIGN006505,components_api,0.93
IC100,L7,L7,L7,SIGN006508,runtime_pin_display,0.96
IC100,L7,L7,L7,SIGN006508,components_api,0.93
IC100,L9,L9,L9,VID_CPU_PWM,runtime_pin_display,0.96
IC100,L9,L9,L9,VID_CPU_PWM,components_api,0.93
IC100,M11,M11,M9,GND,siw_coord_net,0.91
IC100,M12,M12,M13,+D1V0,siw_coord_net,0.91
IC100,M13,M13,M13,+D1V0,runtime_pin_display,0.96
IC100,M13,M13,M13,+D1V0,components_api,0.93
IC100,M14,M14,M14,+D1V0,runtime_pin_display,0.96
IC100,M14,M14,M14,+D1V0,components_api,0.93
IC100,M16,M16,M16,GND,runtime_pin_display,0.96
IC100,M16,M16,M16,GND,components_api,0.93
IC100,M2,M2,M2,IF_S_QN,runtime_pin_display,0.96
IC100,M2,M2,M2,IF_S_QN,components_api,0.93
IC100,M23,M23,M23,GND,runtime_pin_display,0.96
IC100,M23,M23,M23,GND,components_api,0.93
IC100,M27,M27,M27,GND,runtime_pin_display,0.96
IC100,M27,M27,M27,GND,components_api,0.93
IC100,M29,M29,M29,GND,runtime_pin_display,0.96
IC100,M29,M29,M29,GND,components_api,0.93
IC100,M3,M3,M3,GND,runtime_pin_display,0.96
IC100,M3,M3,M3,GND,components_api,0.93
IC100,M30,M30,M30,GND,runtime_pin_display,0.96
IC100,M30,M30,M30,GND,components_api,0.93
IC100,M31,M31,M31,GND,runtime_pin_display,0.96
IC100,M31,M31,M31,GND,components_api,0.93
IC100,M4,M4,M4,VID_CORE,runtime_pin_display,0.96
IC100,M4,M4,M4,VID_CORE,components_api,0.93
IC100,M5,M5,M5,VID_CORE2_PWM,runtime_pin_display,0.96
IC100,M5,M5,M5,VID_CORE2_PWM,components_api,0.93
IC100,M6,M6,M6,USB_CTL1,runtime_pin_display,0.96
IC100,M6,M6,M6,USB_CTL1,components_api,0.93
IC100,M8,M8,M8,SPDIF_OUT,runtime_pin_display,0.96
IC100,M8,M8,M8,SPDIF_OUT,components_api,0.93
IC100,M9,M9,M9,GND,runtime_pin_display,0.96
IC100,M9,M9,M9,GND,components_api,0.93
IC100,N1,N1,N1,IF_P,runtime_pin_display,0.96
IC100,N1,N1,N1,IF_P,components_api,0.93
IC100,N2,N2,N2,GND,runtime_pin_display,0.96
IC100,N2,N2,N2,GND,components_api,0.93
IC100,N22,N22,N22,GND,runtime_pin_display,0.96
IC100,N22,N22,N22,GND,components_api,0.93
IC100,N27,N27,N27,GND,runtime_pin_display,0.96
IC100,N27,N27,N27,GND,components_api,0.93
IC100,N28,N28,N28,GND,runtime_pin_display,0.96
IC100,N28,N28,N28,GND,components_api,0.93
IC100,N29,N29,N29,GND,runtime_pin_display,0.96
IC100,N29,N29,N29,GND,components_api,0.93
IC100,N3,N3,N3,IF_S_QP,runtime_pin_display,0.96
IC100,N3,N3,N3,IF_S_QP,components_api,0.93
IC100,N30,N30,N30,GND,runtime_pin_display,0.96
IC100,N30,N30,N30,GND,components_api,0.93
IC100,N31,N31,N31,GND,runtime_pin_display,0.96
IC100,N31,N31,N31,GND,components_api,0.93
IC100,P11,P11,M9,GND,siw_coord_net,0.86
IC100,P12,P12,P13,+D1V0,siw_coord_net,0.91
IC100,P13,P13,P13,+D1V0,runtime_pin_display,0.96
IC100,P13,P13,P13,+D1V0,components_api,0.93
IC100,P14,P14,P14,+D1V0,runtime_pin_display,0.96
IC100,P14,P14,P14,+D1V0,components_api,0.93
IC100,P16,P16,P16,GND,runtime_pin_display,0.96
IC100,P16,P16,P16,GND,components_api,0.93
IC100,P2,P2,P2,GND,runtime_pin_display,0.96
IC100,P2,P2,P2,GND,components_api,0.93
IC100,P27,P27,P27,GND,runtime_pin_display,0.96
IC100,P27,P27,P27,GND,components_api,0.93
IC100,P29,P29,P29,GND,runtime_pin_display,0.96
IC100,P29,P29,P29,GND,components_api,0.93
IC100,P3,P3,P3,IF_N,runtime_pin_display,0.96
IC100,P3,P3,P3,IF_N,components_api,0.93
IC100,P30,P30,P30,GND,runtime_pin_display,0.96
IC100,P30,P30,P30,GND,components_api,0.93
IC100,P31,P31,P31,GND,runtime_pin_display,0.96
IC100,P31,P31,P31,GND,components_api,0.93
IC100,P4,P4,P4,_USB_OCD1,runtime_pin_display,0.96
IC100,P4,P4,P4,_USB_OCD1,components_api,0.93
IC100,P5,P5,P5,AMP_RESET_N,runtime_pin_display,0.96
IC100,P5,P5,P5,AMP_RESET_N,components_api,0.93
IC100,P6,P6,P6,EYE_SCL,runtime_pin_display,0.96
IC100,P6,P6,P6,EYE_SCL,components_api,0.93
IC100,P7,P7,P7,EYE_SDA,runtime_pin_display,0.96
IC100,P7,P7,P7,EYE_SDA,components_api,0.93
IC100,P8,P8,P8,FE_DEMOD2_TS_SYNC,runtime_pin_display,0.96
IC100,P8,P8,P8,FE_DEMOD2_TS_SYNC,components_api,0.93
IC100,P9,P9,P9,FE_DEMOD2_TS_CLK,runtime_pin_display,0.96
IC100,P9,P9,P9,FE_DEMOD2_TS_CLK,components_api,0.93
IC100,R1,R1,R1,IF_S_AGC,runtime_pin_display,0.96
IC100,R1,R1,R1,IF_S_AGC,components_api,0.93
IC100,R2,R2,R2,GND,runtime_pin_display,0.96
IC100,R2,R2,R2,GND,components_api,0.93
IC100,R22,R22,R22,GND,runtime_pin_display,0.96
IC100,R22,R22,R22,GND,components_api,0.93
IC100,R28,R28,R28,GND,runtime_pin_display,0.96
IC100,R28,R28,R28,GND,components_api,0.93
IC100,R29,R29,R29,GND,runtime_pin_display,0.96
IC100,R29,R29,R29,GND,components_api,0.93
IC100,R3,R3,R3,IF_AGC,runtime_pin_display,0.96
IC100,R3,R3,R3,IF_AGC,components_api,0.93
IC100,R30,R30,R30,GND,runtime_pin_display,0.96
IC100,R30,R30,R30,GND,components_api,0.93
IC100,R31,R31,R31,GND,runtime_pin_display,0.96
IC100,R31,R31,R31,GND,components_api,0.93
IC100,T2,T2,T2,SIF,runtime_pin_display,0.96
IC100,T2,T2,T2,SIF,components_api,0.93
IC100,T29,T29,T29,GND,runtime_pin_display,0.96
IC100,T29,T29,T29,GND,components_api,0.93
IC100,T3,T3,T3,GND,runtime_pin_display,0.96
IC100,T3,T3,T3,GND,components_api,0.93
IC100,T30,T30,T30,SIGN004224,runtime_pin_display,0.96
IC100,T30,T30,T30,SIGN004224,components_api,0.93
IC100,T4,T4,T4,GND,runtime_pin_display,0.96
IC100,T4,T4,T4,GND,components_api,0.93
IC100,T5,T5,T5,GND,runtime_pin_display,0.96
IC100,T5,T5,T5,GND,components_api,0.93
IC100,T6,T6,T6,GND,runtime_pin_display,0.96
IC100,T6,T6,T6,GND,components_api,0.93
IC100,T7,T7,T7,FE_DEMOD2_TS_DATA,runtime_pin_display,0.96
IC100,T7,T7,T7,FE_DEMOD2_TS_DATA,components_api,0.93
IC100,T9,T9,T9,FE_DEMOD2_TS_VAL,runtime_pin_display,0.96
IC100,T9,T9,T9,FE_DEMOD2_TS_VAL,components_api,0.93
IC100,U1,U1,U1,XIN_MAIN,runtime_pin_display,0.96
IC100,U1,U1,U1,XIN_MAIN,components_api,0.93
IC100,U2,U2,U2,XOUT_MAIN,runtime_pin_display,0.96
IC100,U2,U2,U2,XOUT_MAIN,components_api,0.93
IC100,U27,U27,U27,GND,runtime_pin_display,0.96
IC100,U27,U27,U27,GND,components_api,0.93
IC100,U28,U28,U28,GND,runtime_pin_display,0.96
IC100,U28,U28,U28,GND,components_api,0.93
IC100,U29,U29,U29,SIGN00439,runtime_pin_display,0.96
IC100,U29,U29,U29,SIGN00439,components_api,0.93
IC100,U3,U3,U3,GND,runtime_pin_display,0.96
IC100,U3,U3,U3,GND,components_api,0.93
IC100,U30,U30,U30,SIGN00440,runtime_pin_display,0.96
IC100,U30,U30,U30,SIGN00440,components_api,0.93
IC100,U31,U31,U31,SIGN00441,runtime_pin_display,0.96
IC100,U31,U31,U31,SIGN00441,components_api,0.93
IC100,V11,V11,V9,GND,siw_coord_net,0.91
IC100,V12,V12,V12,+D1V0,runtime_pin_display,0.96
IC100,V12,V12,V12,+D1V0,components_api,0.93
IC100,V2,V2,V2,GND,runtime_pin_display,0.96
IC100,V2,V2,V2,GND,components_api,0.93
IC100,V25,V25,V25,GND,runtime_pin_display,0.96
IC100,V25,V25,V25,GND,components_api,0.93
IC100,V26,V26,V26,GND,runtime_pin_display,0.96
IC100,V26,V26,V26,GND,components_api,0.93
IC100,V28,V28,V28,GND,runtime_pin_display,0.96
IC100,V28,V28,V28,GND,components_api,0.93
IC100,V3,V3,V3,GND,runtime_pin_display,0.96
IC100,V3,V3,V3,GND,components_api,0.93
IC100,V31,V31,U31,SIGN00441,siw_coord_only,0.72
IC100,V5,V5,V5,GND,runtime_pin_display,0.96
IC100,V5,V5,V5,GND,components_api,0.93
IC100,V7,V7,V7,GND,runtime_pin_display,0.96
IC100,V7,V7,V7,GND,components_api,0.93
IC100,V9,V9,V9,GND,runtime_pin_display,0.96
IC100,V9,V9,V9,GND,components_api,0.93
IC100,W1,W1,W1,HDMI2.0_4_5V_DET,runtime_pin_display,0.96
IC100,W1,W1,W1,HDMI2.0_4_5V_DET,components_api,0.93
IC100,W11,W11,AA10,+CPU_1V0,siw_coord_net,0.91
IC100,W13,W13,W13,+D1V0,runtime_pin_display,0.96
IC100,W13,W13,W13,+D1V0,components_api,0.93
IC100,W2,W2,W2,HDMI2.0_4_HPD,runtime_pin_display,0.96
IC100,W2,W2,W2,HDMI2.0_4_HPD,components_api,0.93
IC100,W29,W29,W29,_USB_OCD2,runtime_pin_display,0.96
IC100,W29,W29,W29,_USB_OCD2,components_api,0.93
IC100,W3,W3,W3,GND,runtime_pin_display,0.96
IC100,W3,W3,W3,GND,components_api,0.93
IC100,W30,W30,W30,USB_CTL2,runtime_pin_display,0.96
IC100,W30,W30,W30,USB_CTL2,components_api,0.93
IC100,W4,W4,W4,_TU_RESET1,runtime_pin_display,0.96
IC100,W4,W4,W4,_TU_RESET1,components_api,0.93
IC100,W5,W5,W5,SIGN001565,runtime_pin_display,0.96
IC100,W5,W5,W5,SIGN001565,components_api,0.93
IC100,W6,W6,W6,HP_DET,runtime_pin_display,0.96
IC100,W6,W6,W6,HP_DET,components_api,0.93
IC100,W7,W7,W7,_TU_RESET2,runtime_pin_display,0.96
IC100,W7,W7,W7,_TU_RESET2,components_api,0.93
IC100,W8,W8,W8,I2C_SCL_1,runtime_pin_display,0.96
IC100,W8,W8,W8,I2C_SCL_1,components_api,0.93
IC100,W9,W9,W9,I2C_SDA_1,runtime_pin_display,0.96
IC100,W9,W9,W9,I2C_SDA_1,components_api,0.93
IC100,Y12,Y12,Y12,+D1V0,runtime_pin_display,0.96
IC100,Y12,Y12,Y12,+D1V0,components_api,0.93
IC100,Y14,Y14,AA14,GND,siw_coord_net,0.91
IC100,Y15,Y15,AA15,+CPU_1V0,siw_coord_net,0.91
IC100,Y17,Y17,AA17,+CPU_1V0,siw_coord_net,0.91
IC100,Y2,Y2,Y2,DDC_SCL_4,runtime_pin_display,0.96
IC100,Y2,Y2,Y2,DDC_SCL_4,components_api,0.93
IC100,Y23,Y23,Y23,SIGN001560,runtime_pin_display,0.96
IC100,Y23,Y23,Y23,SIGN001560,components_api,0.93
IC100,Y24,Y24,Y24,TPI_DATA[2],runtime_pin_display,0.96
IC100,Y24,Y24,Y24,TPI_DATA[2],components_api,0.93
IC100,Y25,Y25,Y25,TPI_DATA[0],runtime_pin_display,0.96
IC100,Y25,Y25,Y25,TPI_DATA[0],components_api,0.93
IC100,Y26,Y26,Y26,TPI_SOP,runtime_pin_display,0.96
IC100,Y26,Y26,Y26,TPI_SOP,components_api,0.93
IC100,Y27,Y27,Y27,TPI_VAL,runtime_pin_display,0.96
IC100,Y27,Y27,Y27,TPI_VAL,components_api,0.93
IC100,Y28,Y28,Y28,TPI_CLK,runtime_pin_display,0.96
IC100,Y28,Y28,Y28,TPI_CLK,components_api,0.93
IC100,Y29,Y29,Y29,EMMC_DATA[6],runtime_pin_display,0.96
IC100,Y29,Y29,Y29,EMMC_DATA[6],components_api,0.93
IC100,Y3,Y3,Y3,DDC_SDA_4,runtime_pin_display,0.96
IC100,Y3,Y3,Y3,DDC_SDA_4,components_api,0.93
IC100,Y30,Y30,AB30,GND,siw_coord_net,0.91
IC100,Y31,Y31,Y31,PCM_5V_SC_PWR_SEL,runtime_pin_display,0.96
IC100,Y31,Y31,Y31,PCM_5V_SC_PWR_SEL,components_api,0.93
